/*
 Navicat MySQL Data Transfer

 Source Server         : qingniao
 Source Server Type    : MySQL
 Source Server Version : 80023
 Source Host           : localhost:3306
 Source Schema         : intelligent_system

 Target Server Type    : MySQL
 Target Server Version : 80023
 File Encoding         : 65001

 Date: 22/06/2021 20:31:29
*/

SET NAMES utf8mb4;
SET FOREIGN_KEY_CHECKS = 0;

-- ----------------------------
-- Table structure for 上位机数据表
-- ----------------------------
DROP TABLE IF EXISTS `上位机数据表`;
CREATE TABLE `上位机数据表` (
  `ID` int NOT NULL AUTO_INCREMENT,
  `下传时间` timestamp NOT NULL,
  `东西绿灯时长` int DEFAULT NULL,
  `南北绿灯时长` int DEFAULT NULL,
  PRIMARY KEY (`ID`)
) ENGINE=InnoDB AUTO_INCREMENT=5 DEFAULT CHARSET=utf8mb4 COLLATE=utf8mb4_0900_ai_ci;

-- ----------------------------
-- Records of 上位机数据表
-- ----------------------------
BEGIN;
INSERT INTO `上位机数据表` VALUES (1, '2021-05-22 04:50:21', 10, 0);
INSERT INTO `上位机数据表` VALUES (2, '2021-05-22 04:51:21', 0, 20);
INSERT INTO `上位机数据表` VALUES (3, '2021-05-22 04:55:21', 36, 0);
INSERT INTO `上位机数据表` VALUES (4, '2021-05-22 04:56:21', 0, 12);
COMMIT;

-- ----------------------------
-- Table structure for 传感器数据表
-- ----------------------------
DROP TABLE IF EXISTS `传感器数据表`;
CREATE TABLE `传感器数据表` (
  `ID` int NOT NULL AUTO_INCREMENT,
  `采集时间` timestamp NOT NULL,
  `东西车流量` int DEFAULT NULL,
  `南北车流量` int DEFAULT NULL,
  PRIMARY KEY (`ID`)
) ENGINE=InnoDB AUTO_INCREMENT=6 DEFAULT CHARSET=utf8mb4 COLLATE=utf8mb4_0900_ai_ci;

-- ----------------------------
-- Records of 传感器数据表
-- ----------------------------
BEGIN;
INSERT INTO `传感器数据表` VALUES (1, '2021-05-21 23:18:54', 0, 0);
INSERT INTO `传感器数据表` VALUES (2, '2021-05-22 04:50:21', 10, 0);
INSERT INTO `传感器数据表` VALUES (3, '2021-05-22 04:51:21', 0, 20);
INSERT INTO `传感器数据表` VALUES (4, '2021-05-22 04:55:21', 36, 0);
INSERT INTO `传感器数据表` VALUES (5, '2021-05-22 04:56:21', 0, 12);
COMMIT;

-- ----------------------------
-- Table structure for 可信度知识表
-- ----------------------------
DROP TABLE IF EXISTS `可信度知识表`;
CREATE TABLE `可信度知识表` (
  `ID` int NOT NULL AUTO_INCREMENT,
  `前提` varchar(100) NOT NULL,
  `结论` varchar(50) NOT NULL,
  `前提可信度` float NOT NULL,
  `知识可信度` float NOT NULL,
  `更新时间` date DEFAULT NULL,
  `更新人` varchar(20) DEFAULT NULL,
  PRIMARY KEY (`ID`)
) ENGINE=InnoDB AUTO_INCREMENT=4 DEFAULT CHARSET=utf8mb4 COLLATE=utf8mb4_0900_ai_ci;

-- ----------------------------
-- Records of 可信度知识表
-- ----------------------------
BEGIN;
INSERT INTO `可信度知识表` VALUES (1, '人流量小', '人行道绿灯时间短', 0.8, 0.9, '2021-05-22', '甲');
INSERT INTO `可信度知识表` VALUES (2, '人流量正常', '人行道绿灯时间正常', 0.8, 0.9, '2021-05-22', '乙');
INSERT INTO `可信度知识表` VALUES (3, '人流量大', '人行道绿灯时间长', 0.8, 0.8, '2021-05-22', '丙');
COMMIT;

-- ----------------------------
-- Table structure for 模糊知识表
-- ----------------------------
DROP TABLE IF EXISTS `模糊知识表`;
CREATE TABLE `模糊知识表` (
  `ID` int NOT NULL AUTO_INCREMENT,
  `A模糊集ID` int NOT NULL,
  `A模糊集名称` varchar(20) DEFAULT NULL,
  `B模糊集ID` int NOT NULL,
  `B模糊集名称` varchar(20) DEFAULT NULL,
  `CF` float NOT NULL,
  `λ` float NOT NULL,
  `模糊矩阵ID` int NOT NULL,
  `更新时间` date DEFAULT NULL,
  `更新人` varchar(20) DEFAULT NULL,
  PRIMARY KEY (`ID`),
  KEY `A模糊集ID` (`A模糊集ID`),
  KEY `B模糊集ID` (`B模糊集ID`),
  KEY `模糊矩阵ID` (`模糊矩阵ID`),
  CONSTRAINT `模糊知识表_ibfk_1` FOREIGN KEY (`A模糊集ID`) REFERENCES `模糊集表` (`ID`),
  CONSTRAINT `模糊知识表_ibfk_2` FOREIGN KEY (`B模糊集ID`) REFERENCES `模糊集表` (`ID`),
  CONSTRAINT `模糊知识表_ibfk_3` FOREIGN KEY (`模糊矩阵ID`) REFERENCES `模糊矩阵表` (`ID`)
) ENGINE=InnoDB AUTO_INCREMENT=11 DEFAULT CHARSET=utf8mb4 COLLATE=utf8mb4_0900_ai_ci;

-- ----------------------------
-- Records of 模糊知识表
-- ----------------------------
BEGIN;
INSERT INTO `模糊知识表` VALUES (1, 1, '东西车流量小', 11, '东西绿灯时长短', 0.9, 0.6, 11, '2021-05-22', '甲');
INSERT INTO `模糊知识表` VALUES (2, 2, '东西车流量较小', 12, '东西绿灯时长较短', 0.8, 0.6, 12, '2021-05-22', '乙');
INSERT INTO `模糊知识表` VALUES (3, 3, '东西车流量正常', 13, '东西绿灯时长正常', 0.8, 0.6, 13, '2021-05-22', '丙');
INSERT INTO `模糊知识表` VALUES (4, 4, '东西车流量较大', 14, '东西绿灯时长较长', 0.85, 0.6, 14, '2021-05-22', '丁');
INSERT INTO `模糊知识表` VALUES (5, 5, '东西车流量大', 15, '东西绿灯时长长', 0.88, 0.6, 15, '2021-05-22', 'wzc');
INSERT INTO `模糊知识表` VALUES (6, 6, '南北车流量小', 17, '南北绿灯时长短', 0.9, 0.6, 16, '2021-05-22', 'wzc');
INSERT INTO `模糊知识表` VALUES (7, 7, '南北车流量较小', 18, '南北绿灯时长较短', 0.8, 0.6, 17, '2021-05-22', 'wzc');
INSERT INTO `模糊知识表` VALUES (8, 8, '南北车流量正常', 19, '南北绿灯时长正常', 0.8, 0.6, 18, '2021-05-22', 'wzc');
INSERT INTO `模糊知识表` VALUES (9, 9, '南北车流量较大', 20, '南北绿灯时长较长', 0.85, 0.6, 19, '2021-05-22', 'wzc');
INSERT INTO `模糊知识表` VALUES (10, 10, '南北车流量大', 21, '南北绿灯时长长', 0.88, 0.6, 20, '2021-05-22', 'wzc');
COMMIT;

-- ----------------------------
-- Table structure for 模糊矩阵表
-- ----------------------------
DROP TABLE IF EXISTS `模糊矩阵表`;
CREATE TABLE `模糊矩阵表` (
  `ID` int NOT NULL AUTO_INCREMENT,
  `前提模糊集ID` int NOT NULL,
  `结论模糊集ID` int NOT NULL,
  `object` varchar(10000) CHARACTER SET utf8mb4 COLLATE utf8mb4_0900_ai_ci NOT NULL,
  PRIMARY KEY (`ID`),
  KEY `前提模糊集ID` (`前提模糊集ID`),
  KEY `结论模糊集ID` (`结论模糊集ID`),
  CONSTRAINT `模糊矩阵表_ibfk_1` FOREIGN KEY (`前提模糊集ID`) REFERENCES `模糊集表` (`ID`),
  CONSTRAINT `模糊矩阵表_ibfk_2` FOREIGN KEY (`结论模糊集ID`) REFERENCES `模糊集表` (`ID`)
) ENGINE=InnoDB AUTO_INCREMENT=32 DEFAULT CHARSET=utf8mb4 COLLATE=utf8mb4_0900_ai_ci;

-- ----------------------------
-- Records of 模糊矩阵表
-- ----------------------------
BEGIN;
INSERT INTO `模糊矩阵表` VALUES (11, 1, 11, '1.0;1.0;1.0;1.0;1.0;0.75;0.5;0.25;0.0;0.0;0.0;0.0;0.0;0.0;0.0;0.0;0.0;0.0;0.0;0.0;0.01.0;1.0;1.0;1.0;1.0;0.75;0.5;0.25;0.0;0.0;0.0;0.0;0.0;0.0;0.0;0.0;0.0;0.0;0.0;0.0;0.01.0;1.0;1.0;1.0;1.0;0.75;0.5;0.25;0.0;0.0;0.0;0.0;0.0;0.0;0.0;0.0;0.0;0.0;0.0;0.0;0.01.0;1.0;1.0;1.0;1.0;0.75;0.5;0.25;0.0;0.0;0.0;0.0;0.0;0.0;0.0;0.0;0.0;0.0;0.0;0.0;0.0\0.67;0.67;0.67;0.67;0.67;0.67;0.5;0.33;0.33;0.33;0.33;0.33;0.33;0.33;0.33;0.33;0.33;0.33;0.33;0.33;0.33\0.67;0.67;0.67;0.67;0.67;0.67;0.67;0.67;0.67;0.67;0.67;0.67;0.67;0.67;0.67;0.67;0.67;0.67;0.67;0.67;0.671.0;1.0;1.0;1.0;1.0;1.0;1.0;1.0;1.0;1.0;1.0;1.0;1.0;1.0;1.0;1.0;1.0;1.0;1.0;1.0;1.01.0;1.0;1.0;1.0;1.0;1.0;1.0;1.0;1.0;1.0;1.0;1.0;1.0;1.0;1.0;1.0;1.0;1.0;1.0;1.0;1.01.0;1.0;1.0;1.0;1.0;1.0;1.0;1.0;1.0;1.0;1.0;1.0;1.0;1.0;1.0;1.0;1.0;1.0;1.0;1.0;1.01.0;1.0;1.0;1.0;1.0;1.0;1.0;1.0;1.0;1.0;1.0;1.0;1.0;1.0;1.0;1.0;1.0;1.0;1.0;1.0;1.01.0;1.0;1.0;1.0;1.0;1.0;1.0;1.0;1.0;1.0;1.0;1.0;1.0;1.0;1.0;1.0;1.0;1.0;1.0;1.0;1.01.0;1.0;1.0;1.0;1.0;1.0;1.0;1.0;1.0;1.0;1.0;1.0;1.0;1.0;1.0;1.0;1.0;1.0;1.0;1.0;1.01.0;1.0;1.0;1.0;1.0;1.0;1.0;1.0;1.0;1.0;1.0;1.0;1.0;1.0;1.0;1.0;1.0;1.0;1.0;1.0;1.01.0;1.0;1.0;1.0;1.0;1.0;1.0;1.0;1.0;1.0;1.0;1.0;1.0;1.0;1.0;1.0;1.0;1.0;1.0;1.0;1.01.0;1.0;1.0;1.0;1.0;1.0;1.0;1.0;1.0;1.0;1.0;1.0;1.0;1.0;1.0;1.0;1.0;1.0;1.0;1.0;1.01.0;1.0;1.0;1.0;1.0;1.0;1.0;1.0;1.0;1.0;1.0;1.0;1.0;1.0;1.0;1.0;1.0;1.0;1.0;1.0;1.01.0;1.0;1.0;1.0;1.0;1.0;1.0;1.0;1.0;1.0;1.0;1.0;1.0;1.0;1.0;1.0;1.0;1.0;1.0;1.0;1.01.0;1.0;1.0;1.0;1.0;1.0;1.0;1.0;1.0;1.0;1.0;1.0;1.0;1.0;1.0;1.0;1.0;1.0;1.0;1.0;1.01.0;1.0;1.0;1.0;1.0;1.0;1.0;1.0;1.0;1.0;1.0;1.0;1.0;1.0;1.0;1.0;1.0;1.0;1.0;1.0;1.0');
INSERT INTO `模糊矩阵表` VALUES (12, 2, 12, '1.0;1.0;1.0;1.0;1.0;1.0;1.0;1.0;1.0;1.0;1.0;1.0;1.0;1.0;1.0;1.0;1.0;1.0;1.0;1.0;1.01.0;1.0;1.0;1.0;1.0;1.0;1.0;1.0;1.0;1.0;1.0;1.0;1.0;1.0;1.0;1.0;1.0;1.0;1.0;1.0;1.01.0;1.0;1.0;1.0;1.0;1.0;1.0;1.0;1.0;1.0;1.0;1.0;1.0;1.0;1.0;1.0;1.0;1.0;1.0;1.0;1.01.0;1.0;1.0;1.0;1.0;1.0;1.0;1.0;1.0;1.0;1.0;1.0;1.0;1.0;1.0;1.0;1.0;1.0;1.0;1.0;1.0\0.67;0.67;0.67;0.67;0.67;0.67;0.67;0.67;0.67;0.67;0.67;0.67;0.67;0.67;0.67;0.67;0.67;0.67;0.67;0.67;0.67\0.33;0.33;0.33;0.33;0.33;0.33;0.5;0.67;0.67;0.67;0.5;0.33;0.33;0.33;0.33;0.33;0.33;0.33;0.33;0.33;0.33\0.0;0.0;0.0;0.0;0.0;0.25;0.5;0.75;1.0;0.75;0.5;0.25;0.0;0.0;0.0;0.0;0.0;0.0;0.0;0.0;0.0\0.33;0.33;0.33;0.33;0.33;0.33;0.5;0.67;0.67;0.67;0.5;0.33;0.33;0.33;0.33;0.33;0.33;0.33;0.33;0.33;0.33\0.67;0.67;0.67;0.67;0.67;0.67;0.67;0.67;0.67;0.67;0.67;0.67;0.67;0.67;0.67;0.67;0.67;0.67;0.67;0.67;0.671.0;1.0;1.0;1.0;1.0;1.0;1.0;1.0;1.0;1.0;1.0;1.0;1.0;1.0;1.0;1.0;1.0;1.0;1.0;1.0;1.01.0;1.0;1.0;1.0;1.0;1.0;1.0;1.0;1.0;1.0;1.0;1.0;1.0;1.0;1.0;1.0;1.0;1.0;1.0;1.0;1.01.0;1.0;1.0;1.0;1.0;1.0;1.0;1.0;1.0;1.0;1.0;1.0;1.0;1.0;1.0;1.0;1.0;1.0;1.0;1.0;1.01.0;1.0;1.0;1.0;1.0;1.0;1.0;1.0;1.0;1.0;1.0;1.0;1.0;1.0;1.0;1.0;1.0;1.0;1.0;1.0;1.01.0;1.0;1.0;1.0;1.0;1.0;1.0;1.0;1.0;1.0;1.0;1.0;1.0;1.0;1.0;1.0;1.0;1.0;1.0;1.0;1.01.0;1.0;1.0;1.0;1.0;1.0;1.0;1.0;1.0;1.0;1.0;1.0;1.0;1.0;1.0;1.0;1.0;1.0;1.0;1.0;1.01.0;1.0;1.0;1.0;1.0;1.0;1.0;1.0;1.0;1.0;1.0;1.0;1.0;1.0;1.0;1.0;1.0;1.0;1.0;1.0;1.01.0;1.0;1.0;1.0;1.0;1.0;1.0;1.0;1.0;1.0;1.0;1.0;1.0;1.0;1.0;1.0;1.0;1.0;1.0;1.0;1.01.0;1.0;1.0;1.0;1.0;1.0;1.0;1.0;1.0;1.0;1.0;1.0;1.0;1.0;1.0;1.0;1.0;1.0;1.0;1.0;1.01.0;1.0;1.0;1.0;1.0;1.0;1.0;1.0;1.0;1.0;1.0;1.0;1.0;1.0;1.0;1.0;1.0;1.0;1.0;1.0;1.0');
INSERT INTO `模糊矩阵表` VALUES (13, 3, 13, '1.0;1.0;1.0;1.0;1.0;1.0;1.0;1.0;1.0;1.0;1.0;1.0;1.0;1.0;1.0;1.0;1.0;1.0;1.0;1.0;1.01.0;1.0;1.0;1.0;1.0;1.0;1.0;1.0;1.0;1.0;1.0;1.0;1.0;1.0;1.0;1.0;1.0;1.0;1.0;1.0;1.01.0;1.0;1.0;1.0;1.0;1.0;1.0;1.0;1.0;1.0;1.0;1.0;1.0;1.0;1.0;1.0;1.0;1.0;1.0;1.0;1.01.0;1.0;1.0;1.0;1.0;1.0;1.0;1.0;1.0;1.0;1.0;1.0;1.0;1.0;1.0;1.0;1.0;1.0;1.0;1.0;1.01.0;1.0;1.0;1.0;1.0;1.0;1.0;1.0;1.0;1.0;1.0;1.0;1.0;1.0;1.0;1.0;1.0;1.0;1.0;1.0;1.01.0;1.0;1.0;1.0;1.0;1.0;1.0;1.0;1.0;1.0;1.0;1.0;1.0;1.0;1.0;1.0;1.0;1.0;1.0;1.0;1.01.0;1.0;1.0;1.0;1.0;1.0;1.0;1.0;1.0;1.0;1.0;1.0;1.0;1.0;1.0;1.0;1.0;1.0;1.0;1.0;1.01.0;1.0;1.0;1.0;1.0;1.0;1.0;1.0;1.0;1.0;1.0;1.0;1.0;1.0;1.0;1.0;1.0;1.0;1.0;1.0;1.0\0.67;0.67;0.67;0.67;0.67;0.67;0.67;0.67;0.67;0.67;0.67;0.67;0.67;0.67;0.67;0.67;0.67;0.67;0.67;0.67;0.67\0.33;0.33;0.33;0.33;0.33;0.33;0.33;0.33;0.33;0.33;0.5;0.67;0.67;0.67;0.5;0.33;0.33;0.33;0.33;0.33;0.33\0.0;0.0;0.0;0.0;0.0;0.0;0.0;0.0;0.0;0.25;0.5;0.75;1.0;0.75;0.5;0.25;0.0;0.0;0.0;0.0;0.0\0.33;0.33;0.33;0.33;0.33;0.33;0.33;0.33;0.33;0.33;0.5;0.67;0.67;0.67;0.5;0.33;0.33;0.33;0.33;0.33;0.33\0.67;0.67;0.67;0.67;0.67;0.67;0.67;0.67;0.67;0.67;0.67;0.67;0.67;0.67;0.67;0.67;0.67;0.67;0.67;0.67;0.671.0;1.0;1.0;1.0;1.0;1.0;1.0;1.0;1.0;1.0;1.0;1.0;1.0;1.0;1.0;1.0;1.0;1.0;1.0;1.0;1.01.0;1.0;1.0;1.0;1.0;1.0;1.0;1.0;1.0;1.0;1.0;1.0;1.0;1.0;1.0;1.0;1.0;1.0;1.0;1.0;1.01.0;1.0;1.0;1.0;1.0;1.0;1.0;1.0;1.0;1.0;1.0;1.0;1.0;1.0;1.0;1.0;1.0;1.0;1.0;1.0;1.01.0;1.0;1.0;1.0;1.0;1.0;1.0;1.0;1.0;1.0;1.0;1.0;1.0;1.0;1.0;1.0;1.0;1.0;1.0;1.0;1.01.0;1.0;1.0;1.0;1.0;1.0;1.0;1.0;1.0;1.0;1.0;1.0;1.0;1.0;1.0;1.0;1.0;1.0;1.0;1.0;1.01.0;1.0;1.0;1.0;1.0;1.0;1.0;1.0;1.0;1.0;1.0;1.0;1.0;1.0;1.0;1.0;1.0;1.0;1.0;1.0;1.0');
INSERT INTO `模糊矩阵表` VALUES (14, 4, 14, '1.0;1.0;1.0;1.0;1.0;1.0;1.0;1.0;1.0;1.0;1.0;1.0;1.0;1.0;1.0;1.0;1.0;1.0;1.0;1.0;1.01.0;1.0;1.0;1.0;1.0;1.0;1.0;1.0;1.0;1.0;1.0;1.0;1.0;1.0;1.0;1.0;1.0;1.0;1.0;1.0;1.01.0;1.0;1.0;1.0;1.0;1.0;1.0;1.0;1.0;1.0;1.0;1.0;1.0;1.0;1.0;1.0;1.0;1.0;1.0;1.0;1.01.0;1.0;1.0;1.0;1.0;1.0;1.0;1.0;1.0;1.0;1.0;1.0;1.0;1.0;1.0;1.0;1.0;1.0;1.0;1.0;1.01.0;1.0;1.0;1.0;1.0;1.0;1.0;1.0;1.0;1.0;1.0;1.0;1.0;1.0;1.0;1.0;1.0;1.0;1.0;1.0;1.01.0;1.0;1.0;1.0;1.0;1.0;1.0;1.0;1.0;1.0;1.0;1.0;1.0;1.0;1.0;1.0;1.0;1.0;1.0;1.0;1.01.0;1.0;1.0;1.0;1.0;1.0;1.0;1.0;1.0;1.0;1.0;1.0;1.0;1.0;1.0;1.0;1.0;1.0;1.0;1.0;1.01.0;1.0;1.0;1.0;1.0;1.0;1.0;1.0;1.0;1.0;1.0;1.0;1.0;1.0;1.0;1.0;1.0;1.0;1.0;1.0;1.0\0.67;0.67;0.67;0.67;0.67;0.67;0.67;0.67;0.67;0.67;0.67;0.67;0.67;0.67;0.67;0.67;0.67;0.67;0.67;0.67;0.67\0.33;0.33;0.33;0.33;0.33;0.33;0.33;0.33;0.33;0.33;0.33;0.33;0.33;0.33;0.33;0.33;0.33;0.33;0.33;0.33;0.33\0.0;0.0;0.0;0.0;0.0;0.0;0.0;0.0;0.0;0.0;0.0;0.0;0.0;0.0;0.0;0.0;0.0;0.0;0.0;0.0;0.0\0.33;0.33;0.33;0.33;0.33;0.33;0.33;0.33;0.33;0.33;0.33;0.33;0.33;0.33;0.33;0.33;0.33;0.33;0.33;0.33;0.33\0.67;0.67;0.67;0.67;0.67;0.67;0.67;0.67;0.67;0.67;0.67;0.67;0.67;0.67;0.67;0.67;0.67;0.67;0.67;0.67;0.671.0;1.0;1.0;1.0;1.0;1.0;1.0;1.0;1.0;1.0;1.0;1.0;1.0;1.0;1.0;1.0;1.0;1.0;1.0;1.0;1.01.0;1.0;1.0;1.0;1.0;1.0;1.0;1.0;1.0;1.0;1.0;1.0;1.0;1.0;1.0;1.0;1.0;1.0;1.0;1.0;1.01.0;1.0;1.0;1.0;1.0;1.0;1.0;1.0;1.0;1.0;1.0;1.0;1.0;1.0;1.0;1.0;1.0;1.0;1.0;1.0;1.01.0;1.0;1.0;1.0;1.0;1.0;1.0;1.0;1.0;1.0;1.0;1.0;1.0;1.0;1.0;1.0;1.0;1.0;1.0;1.0;1.01.0;1.0;1.0;1.0;1.0;1.0;1.0;1.0;1.0;1.0;1.0;1.0;1.0;1.0;1.0;1.0;1.0;1.0;1.0;1.0;1.01.0;1.0;1.0;1.0;1.0;1.0;1.0;1.0;1.0;1.0;1.0;1.0;1.0;1.0;1.0;1.0;1.0;1.0;1.0;1.0;1.0');
INSERT INTO `模糊矩阵表` VALUES (15, 5, 15, '1.0;1.0;1.0;1.0;1.0;1.0;1.0;1.0;1.0;1.0;1.0;1.0;1.0;1.0;1.0;1.0;1.0;1.0;1.0;1.0;1.01.0;1.0;1.0;1.0;1.0;1.0;1.0;1.0;1.0;1.0;1.0;1.0;1.0;1.0;1.0;1.0;1.0;1.0;1.0;1.0;1.01.0;1.0;1.0;1.0;1.0;1.0;1.0;1.0;1.0;1.0;1.0;1.0;1.0;1.0;1.0;1.0;1.0;1.0;1.0;1.0;1.01.0;1.0;1.0;1.0;1.0;1.0;1.0;1.0;1.0;1.0;1.0;1.0;1.0;1.0;1.0;1.0;1.0;1.0;1.0;1.0;1.01.0;1.0;1.0;1.0;1.0;1.0;1.0;1.0;1.0;1.0;1.0;1.0;1.0;1.0;1.0;1.0;1.0;1.0;1.0;1.0;1.01.0;1.0;1.0;1.0;1.0;1.0;1.0;1.0;1.0;1.0;1.0;1.0;1.0;1.0;1.0;1.0;1.0;1.0;1.0;1.0;1.01.0;1.0;1.0;1.0;1.0;1.0;1.0;1.0;1.0;1.0;1.0;1.0;1.0;1.0;1.0;1.0;1.0;1.0;1.0;1.0;1.01.0;1.0;1.0;1.0;1.0;1.0;1.0;1.0;1.0;1.0;1.0;1.0;1.0;1.0;1.0;1.0;1.0;1.0;1.0;1.0;1.0\0.67;0.67;0.67;0.67;0.67;0.67;0.67;0.67;0.67;0.67;0.67;0.67;0.67;0.67;0.67;0.67;0.67;0.67;0.67;0.67;0.67\0.33;0.33;0.33;0.33;0.33;0.33;0.33;0.33;0.33;0.33;0.33;0.33;0.33;0.33;0.33;0.33;0.33;0.33;0.33;0.33;0.33\0.0;0.0;0.0;0.0;0.0;0.0;0.0;0.0;0.0;0.0;0.0;0.0;0.0;0.0;0.0;0.0;0.0;0.0;0.0;0.0;0.0\0.33;0.33;0.33;0.33;0.33;0.33;0.33;0.33;0.33;0.33;0.33;0.33;0.33;0.33;0.33;0.33;0.33;0.33;0.33;0.33;0.33\0.67;0.67;0.67;0.67;0.67;0.67;0.67;0.67;0.67;0.67;0.67;0.67;0.67;0.67;0.67;0.67;0.67;0.67;0.67;0.67;0.671.0;1.0;1.0;1.0;1.0;1.0;1.0;1.0;1.0;1.0;1.0;1.0;1.0;1.0;1.0;1.0;1.0;1.0;1.0;1.0;1.01.0;1.0;1.0;1.0;1.0;1.0;1.0;1.0;1.0;1.0;1.0;1.0;1.0;1.0;1.0;1.0;1.0;1.0;1.0;1.0;1.01.0;1.0;1.0;1.0;1.0;1.0;1.0;1.0;1.0;1.0;1.0;1.0;1.0;1.0;1.0;1.0;1.0;1.0;1.0;1.0;1.01.0;1.0;1.0;1.0;1.0;1.0;1.0;1.0;1.0;1.0;1.0;1.0;1.0;1.0;1.0;1.0;1.0;1.0;1.0;1.0;1.01.0;1.0;1.0;1.0;1.0;1.0;1.0;1.0;1.0;1.0;1.0;1.0;1.0;1.0;1.0;1.0;1.0;1.0;1.0;1.0;1.01.0;1.0;1.0;1.0;1.0;1.0;1.0;1.0;1.0;1.0;1.0;1.0;1.0;1.0;1.0;1.0;1.0;1.0;1.0;1.0;1.0');
INSERT INTO `模糊矩阵表` VALUES (16, 6, 17, '1.0;1.0;1.0;1.0;1.0;0.75;0.5;0.25;0.0;0.0;0.0;0.0;0.0;0.0;0.0;0.0;0.0;0.0;0.0;0.0;0.01.0;1.0;1.0;1.0;1.0;0.75;0.5;0.25;0.0;0.0;0.0;0.0;0.0;0.0;0.0;0.0;0.0;0.0;0.0;0.0;0.01.0;1.0;1.0;1.0;1.0;0.75;0.5;0.25;0.0;0.0;0.0;0.0;0.0;0.0;0.0;0.0;0.0;0.0;0.0;0.0;0.01.0;1.0;1.0;1.0;1.0;0.75;0.5;0.25;0.0;0.0;0.0;0.0;0.0;0.0;0.0;0.0;0.0;0.0;0.0;0.0;0.0\0.67;0.67;0.67;0.67;0.67;0.67;0.5;0.33;0.33;0.33;0.33;0.33;0.33;0.33;0.33;0.33;0.33;0.33;0.33;0.33;0.33\0.67;0.67;0.67;0.67;0.67;0.67;0.67;0.67;0.67;0.67;0.67;0.67;0.67;0.67;0.67;0.67;0.67;0.67;0.67;0.67;0.671.0;1.0;1.0;1.0;1.0;1.0;1.0;1.0;1.0;1.0;1.0;1.0;1.0;1.0;1.0;1.0;1.0;1.0;1.0;1.0;1.01.0;1.0;1.0;1.0;1.0;1.0;1.0;1.0;1.0;1.0;1.0;1.0;1.0;1.0;1.0;1.0;1.0;1.0;1.0;1.0;1.01.0;1.0;1.0;1.0;1.0;1.0;1.0;1.0;1.0;1.0;1.0;1.0;1.0;1.0;1.0;1.0;1.0;1.0;1.0;1.0;1.01.0;1.0;1.0;1.0;1.0;1.0;1.0;1.0;1.0;1.0;1.0;1.0;1.0;1.0;1.0;1.0;1.0;1.0;1.0;1.0;1.01.0;1.0;1.0;1.0;1.0;1.0;1.0;1.0;1.0;1.0;1.0;1.0;1.0;1.0;1.0;1.0;1.0;1.0;1.0;1.0;1.01.0;1.0;1.0;1.0;1.0;1.0;1.0;1.0;1.0;1.0;1.0;1.0;1.0;1.0;1.0;1.0;1.0;1.0;1.0;1.0;1.01.0;1.0;1.0;1.0;1.0;1.0;1.0;1.0;1.0;1.0;1.0;1.0;1.0;1.0;1.0;1.0;1.0;1.0;1.0;1.0;1.01.0;1.0;1.0;1.0;1.0;1.0;1.0;1.0;1.0;1.0;1.0;1.0;1.0;1.0;1.0;1.0;1.0;1.0;1.0;1.0;1.01.0;1.0;1.0;1.0;1.0;1.0;1.0;1.0;1.0;1.0;1.0;1.0;1.0;1.0;1.0;1.0;1.0;1.0;1.0;1.0;1.01.0;1.0;1.0;1.0;1.0;1.0;1.0;1.0;1.0;1.0;1.0;1.0;1.0;1.0;1.0;1.0;1.0;1.0;1.0;1.0;1.01.0;1.0;1.0;1.0;1.0;1.0;1.0;1.0;1.0;1.0;1.0;1.0;1.0;1.0;1.0;1.0;1.0;1.0;1.0;1.0;1.01.0;1.0;1.0;1.0;1.0;1.0;1.0;1.0;1.0;1.0;1.0;1.0;1.0;1.0;1.0;1.0;1.0;1.0;1.0;1.0;1.01.0;1.0;1.0;1.0;1.0;1.0;1.0;1.0;1.0;1.0;1.0;1.0;1.0;1.0;1.0;1.0;1.0;1.0;1.0;1.0;1.0');
INSERT INTO `模糊矩阵表` VALUES (17, 7, 18, '1.0;1.0;1.0;1.0;1.0;1.0;1.0;1.0;1.0;1.0;1.0;1.0;1.0;1.0;1.0;1.0;1.0;1.0;1.0;1.0;1.01.0;1.0;1.0;1.0;1.0;1.0;1.0;1.0;1.0;1.0;1.0;1.0;1.0;1.0;1.0;1.0;1.0;1.0;1.0;1.0;1.01.0;1.0;1.0;1.0;1.0;1.0;1.0;1.0;1.0;1.0;1.0;1.0;1.0;1.0;1.0;1.0;1.0;1.0;1.0;1.0;1.01.0;1.0;1.0;1.0;1.0;1.0;1.0;1.0;1.0;1.0;1.0;1.0;1.0;1.0;1.0;1.0;1.0;1.0;1.0;1.0;1.0\0.67;0.67;0.67;0.67;0.67;0.67;0.67;0.67;0.67;0.67;0.67;0.67;0.67;0.67;0.67;0.67;0.67;0.67;0.67;0.67;0.67\0.33;0.33;0.33;0.33;0.33;0.33;0.5;0.67;0.67;0.67;0.5;0.33;0.33;0.33;0.33;0.33;0.33;0.33;0.33;0.33;0.33\0.0;0.0;0.0;0.0;0.0;0.25;0.5;0.75;1.0;0.75;0.5;0.25;0.0;0.0;0.0;0.0;0.0;0.0;0.0;0.0;0.0\0.33;0.33;0.33;0.33;0.33;0.33;0.5;0.67;0.67;0.67;0.5;0.33;0.33;0.33;0.33;0.33;0.33;0.33;0.33;0.33;0.33\0.67;0.67;0.67;0.67;0.67;0.67;0.67;0.67;0.67;0.67;0.67;0.67;0.67;0.67;0.67;0.67;0.67;0.67;0.67;0.67;0.671.0;1.0;1.0;1.0;1.0;1.0;1.0;1.0;1.0;1.0;1.0;1.0;1.0;1.0;1.0;1.0;1.0;1.0;1.0;1.0;1.01.0;1.0;1.0;1.0;1.0;1.0;1.0;1.0;1.0;1.0;1.0;1.0;1.0;1.0;1.0;1.0;1.0;1.0;1.0;1.0;1.01.0;1.0;1.0;1.0;1.0;1.0;1.0;1.0;1.0;1.0;1.0;1.0;1.0;1.0;1.0;1.0;1.0;1.0;1.0;1.0;1.01.0;1.0;1.0;1.0;1.0;1.0;1.0;1.0;1.0;1.0;1.0;1.0;1.0;1.0;1.0;1.0;1.0;1.0;1.0;1.0;1.01.0;1.0;1.0;1.0;1.0;1.0;1.0;1.0;1.0;1.0;1.0;1.0;1.0;1.0;1.0;1.0;1.0;1.0;1.0;1.0;1.01.0;1.0;1.0;1.0;1.0;1.0;1.0;1.0;1.0;1.0;1.0;1.0;1.0;1.0;1.0;1.0;1.0;1.0;1.0;1.0;1.01.0;1.0;1.0;1.0;1.0;1.0;1.0;1.0;1.0;1.0;1.0;1.0;1.0;1.0;1.0;1.0;1.0;1.0;1.0;1.0;1.01.0;1.0;1.0;1.0;1.0;1.0;1.0;1.0;1.0;1.0;1.0;1.0;1.0;1.0;1.0;1.0;1.0;1.0;1.0;1.0;1.01.0;1.0;1.0;1.0;1.0;1.0;1.0;1.0;1.0;1.0;1.0;1.0;1.0;1.0;1.0;1.0;1.0;1.0;1.0;1.0;1.01.0;1.0;1.0;1.0;1.0;1.0;1.0;1.0;1.0;1.0;1.0;1.0;1.0;1.0;1.0;1.0;1.0;1.0;1.0;1.0;1.0');
INSERT INTO `模糊矩阵表` VALUES (18, 8, 19, '1.0;1.0;1.0;1.0;1.0;1.0;1.0;1.0;1.0;1.0;1.0;1.0;1.0;1.0;1.0;1.0;1.0;1.0;1.0;1.0;1.01.0;1.0;1.0;1.0;1.0;1.0;1.0;1.0;1.0;1.0;1.0;1.0;1.0;1.0;1.0;1.0;1.0;1.0;1.0;1.0;1.01.0;1.0;1.0;1.0;1.0;1.0;1.0;1.0;1.0;1.0;1.0;1.0;1.0;1.0;1.0;1.0;1.0;1.0;1.0;1.0;1.01.0;1.0;1.0;1.0;1.0;1.0;1.0;1.0;1.0;1.0;1.0;1.0;1.0;1.0;1.0;1.0;1.0;1.0;1.0;1.0;1.01.0;1.0;1.0;1.0;1.0;1.0;1.0;1.0;1.0;1.0;1.0;1.0;1.0;1.0;1.0;1.0;1.0;1.0;1.0;1.0;1.01.0;1.0;1.0;1.0;1.0;1.0;1.0;1.0;1.0;1.0;1.0;1.0;1.0;1.0;1.0;1.0;1.0;1.0;1.0;1.0;1.01.0;1.0;1.0;1.0;1.0;1.0;1.0;1.0;1.0;1.0;1.0;1.0;1.0;1.0;1.0;1.0;1.0;1.0;1.0;1.0;1.01.0;1.0;1.0;1.0;1.0;1.0;1.0;1.0;1.0;1.0;1.0;1.0;1.0;1.0;1.0;1.0;1.0;1.0;1.0;1.0;1.0\0.67;0.67;0.67;0.67;0.67;0.67;0.67;0.67;0.67;0.67;0.67;0.67;0.67;0.67;0.67;0.67;0.67;0.67;0.67;0.67;0.67\0.33;0.33;0.33;0.33;0.33;0.33;0.33;0.33;0.33;0.33;0.5;0.67;0.67;0.67;0.5;0.33;0.33;0.33;0.33;0.33;0.33\0.0;0.0;0.0;0.0;0.0;0.0;0.0;0.0;0.0;0.25;0.5;0.75;1.0;0.75;0.5;0.25;0.0;0.0;0.0;0.0;0.0\0.33;0.33;0.33;0.33;0.33;0.33;0.33;0.33;0.33;0.33;0.5;0.67;0.67;0.67;0.5;0.33;0.33;0.33;0.33;0.33;0.33\0.67;0.67;0.67;0.67;0.67;0.67;0.67;0.67;0.67;0.67;0.67;0.67;0.67;0.67;0.67;0.67;0.67;0.67;0.67;0.67;0.671.0;1.0;1.0;1.0;1.0;1.0;1.0;1.0;1.0;1.0;1.0;1.0;1.0;1.0;1.0;1.0;1.0;1.0;1.0;1.0;1.01.0;1.0;1.0;1.0;1.0;1.0;1.0;1.0;1.0;1.0;1.0;1.0;1.0;1.0;1.0;1.0;1.0;1.0;1.0;1.0;1.01.0;1.0;1.0;1.0;1.0;1.0;1.0;1.0;1.0;1.0;1.0;1.0;1.0;1.0;1.0;1.0;1.0;1.0;1.0;1.0;1.01.0;1.0;1.0;1.0;1.0;1.0;1.0;1.0;1.0;1.0;1.0;1.0;1.0;1.0;1.0;1.0;1.0;1.0;1.0;1.0;1.01.0;1.0;1.0;1.0;1.0;1.0;1.0;1.0;1.0;1.0;1.0;1.0;1.0;1.0;1.0;1.0;1.0;1.0;1.0;1.0;1.01.0;1.0;1.0;1.0;1.0;1.0;1.0;1.0;1.0;1.0;1.0;1.0;1.0;1.0;1.0;1.0;1.0;1.0;1.0;1.0;1.0');
INSERT INTO `模糊矩阵表` VALUES (19, 9, 20, '1.0;1.0;1.0;1.0;1.0;1.0;1.0;1.0;1.0;1.0;1.0;1.0;1.0;1.0;1.0;1.0;1.0;1.0;1.0;1.0;1.01.0;1.0;1.0;1.0;1.0;1.0;1.0;1.0;1.0;1.0;1.0;1.0;1.0;1.0;1.0;1.0;1.0;1.0;1.0;1.0;1.01.0;1.0;1.0;1.0;1.0;1.0;1.0;1.0;1.0;1.0;1.0;1.0;1.0;1.0;1.0;1.0;1.0;1.0;1.0;1.0;1.01.0;1.0;1.0;1.0;1.0;1.0;1.0;1.0;1.0;1.0;1.0;1.0;1.0;1.0;1.0;1.0;1.0;1.0;1.0;1.0;1.01.0;1.0;1.0;1.0;1.0;1.0;1.0;1.0;1.0;1.0;1.0;1.0;1.0;1.0;1.0;1.0;1.0;1.0;1.0;1.0;1.01.0;1.0;1.0;1.0;1.0;1.0;1.0;1.0;1.0;1.0;1.0;1.0;1.0;1.0;1.0;1.0;1.0;1.0;1.0;1.0;1.01.0;1.0;1.0;1.0;1.0;1.0;1.0;1.0;1.0;1.0;1.0;1.0;1.0;1.0;1.0;1.0;1.0;1.0;1.0;1.0;1.01.0;1.0;1.0;1.0;1.0;1.0;1.0;1.0;1.0;1.0;1.0;1.0;1.0;1.0;1.0;1.0;1.0;1.0;1.0;1.0;1.0\0.67;0.67;0.67;0.67;0.67;0.67;0.67;0.67;0.67;0.67;0.67;0.67;0.67;0.67;0.67;0.67;0.67;0.67;0.67;0.67;0.67\0.33;0.33;0.33;0.33;0.33;0.33;0.33;0.33;0.33;0.33;0.33;0.33;0.33;0.33;0.33;0.33;0.33;0.33;0.33;0.33;0.33\0.0;0.0;0.0;0.0;0.0;0.0;0.0;0.0;0.0;0.0;0.0;0.0;0.0;0.0;0.0;0.0;0.0;0.0;0.0;0.0;0.0\0.33;0.33;0.33;0.33;0.33;0.33;0.33;0.33;0.33;0.33;0.33;0.33;0.33;0.33;0.33;0.33;0.33;0.33;0.33;0.33;0.33\0.67;0.67;0.67;0.67;0.67;0.67;0.67;0.67;0.67;0.67;0.67;0.67;0.67;0.67;0.67;0.67;0.67;0.67;0.67;0.67;0.671.0;1.0;1.0;1.0;1.0;1.0;1.0;1.0;1.0;1.0;1.0;1.0;1.0;1.0;1.0;1.0;1.0;1.0;1.0;1.0;1.01.0;1.0;1.0;1.0;1.0;1.0;1.0;1.0;1.0;1.0;1.0;1.0;1.0;1.0;1.0;1.0;1.0;1.0;1.0;1.0;1.01.0;1.0;1.0;1.0;1.0;1.0;1.0;1.0;1.0;1.0;1.0;1.0;1.0;1.0;1.0;1.0;1.0;1.0;1.0;1.0;1.01.0;1.0;1.0;1.0;1.0;1.0;1.0;1.0;1.0;1.0;1.0;1.0;1.0;1.0;1.0;1.0;1.0;1.0;1.0;1.0;1.01.0;1.0;1.0;1.0;1.0;1.0;1.0;1.0;1.0;1.0;1.0;1.0;1.0;1.0;1.0;1.0;1.0;1.0;1.0;1.0;1.01.0;1.0;1.0;1.0;1.0;1.0;1.0;1.0;1.0;1.0;1.0;1.0;1.0;1.0;1.0;1.0;1.0;1.0;1.0;1.0;1.0');
INSERT INTO `模糊矩阵表` VALUES (20, 10, 21, '1.0;1.0;1.0;1.0;1.0;1.0;1.0;1.0;1.0;1.0;1.0;1.0;1.0;1.0;1.0;1.0;1.0;1.0;1.0;1.0;1.01.0;1.0;1.0;1.0;1.0;1.0;1.0;1.0;1.0;1.0;1.0;1.0;1.0;1.0;1.0;1.0;1.0;1.0;1.0;1.0;1.01.0;1.0;1.0;1.0;1.0;1.0;1.0;1.0;1.0;1.0;1.0;1.0;1.0;1.0;1.0;1.0;1.0;1.0;1.0;1.0;1.01.0;1.0;1.0;1.0;1.0;1.0;1.0;1.0;1.0;1.0;1.0;1.0;1.0;1.0;1.0;1.0;1.0;1.0;1.0;1.0;1.01.0;1.0;1.0;1.0;1.0;1.0;1.0;1.0;1.0;1.0;1.0;1.0;1.0;1.0;1.0;1.0;1.0;1.0;1.0;1.0;1.01.0;1.0;1.0;1.0;1.0;1.0;1.0;1.0;1.0;1.0;1.0;1.0;1.0;1.0;1.0;1.0;1.0;1.0;1.0;1.0;1.01.0;1.0;1.0;1.0;1.0;1.0;1.0;1.0;1.0;1.0;1.0;1.0;1.0;1.0;1.0;1.0;1.0;1.0;1.0;1.0;1.01.0;1.0;1.0;1.0;1.0;1.0;1.0;1.0;1.0;1.0;1.0;1.0;1.0;1.0;1.0;1.0;1.0;1.0;1.0;1.0;1.0\0.67;0.67;0.67;0.67;0.67;0.67;0.67;0.67;0.67;0.67;0.67;0.67;0.67;0.67;0.67;0.67;0.67;0.67;0.67;0.67;0.67\0.33;0.33;0.33;0.33;0.33;0.33;0.33;0.33;0.33;0.33;0.33;0.33;0.33;0.33;0.33;0.33;0.33;0.33;0.33;0.33;0.33\0.0;0.0;0.0;0.0;0.0;0.0;0.0;0.0;0.0;0.0;0.0;0.0;0.0;0.0;0.0;0.0;0.0;0.0;0.0;0.0;0.0\0.33;0.33;0.33;0.33;0.33;0.33;0.33;0.33;0.33;0.33;0.33;0.33;0.33;0.33;0.33;0.33;0.33;0.33;0.33;0.33;0.33\0.67;0.67;0.67;0.67;0.67;0.67;0.67;0.67;0.67;0.67;0.67;0.67;0.67;0.67;0.67;0.67;0.67;0.67;0.67;0.67;0.671.0;1.0;1.0;1.0;1.0;1.0;1.0;1.0;1.0;1.0;1.0;1.0;1.0;1.0;1.0;1.0;1.0;1.0;1.0;1.0;1.01.0;1.0;1.0;1.0;1.0;1.0;1.0;1.0;1.0;1.0;1.0;1.0;1.0;1.0;1.0;1.0;1.0;1.0;1.0;1.0;1.01.0;1.0;1.0;1.0;1.0;1.0;1.0;1.0;1.0;1.0;1.0;1.0;1.0;1.0;1.0;1.0;1.0;1.0;1.0;1.0;1.01.0;1.0;1.0;1.0;1.0;1.0;1.0;1.0;1.0;1.0;1.0;1.0;1.0;1.0;1.0;1.0;1.0;1.0;1.0;1.0;1.01.0;1.0;1.0;1.0;1.0;1.0;1.0;1.0;1.0;1.0;1.0;1.0;1.0;1.0;1.0;1.0;1.0;1.0;1.0;1.0;1.01.0;1.0;1.0;1.0;1.0;1.0;1.0;1.0;1.0;1.0;1.0;1.0;1.0;1.0;1.0;1.0;1.0;1.0;1.0;1.0;1.0');
INSERT INTO `模糊矩阵表` VALUES (22, 1, 11, '1.0,1.0,1.0,1.0,1.0,0.75,0.5,0.25,0.0,0.0,0.0,0.0,0.0,0.0,0.0,0.0,0.0,0.0,0.0,0.0,0.0;1.0,1.0,1.0,1.0,1.0,0.75,0.5,0.25,0.0,0.0,0.0,0.0,0.0,0.0,0.0,0.0,0.0,0.0,0.0,0.0,0.0;1.0,1.0,1.0,1.0,1.0,0.75,0.5,0.25,0.0,0.0,0.0,0.0,0.0,0.0,0.0,0.0,0.0,0.0,0.0,0.0,0.0;1.0,1.0,1.0,1.0,1.0,0.75,0.5,0.25,0.0,0.0,0.0,0.0,0.0,0.0,0.0,0.0,0.0,0.0,0.0,0.0,0.0;0.67,0.67,0.67,0.67,0.67,0.67,0.5,0.33,0.33,0.33,0.33,0.33,0.33,0.33,0.33,0.33,0.33,0.33,0.33,0.33,0.33;0.67,0.67,0.67,0.67,0.67,0.67,0.67,0.67,0.67,0.67,0.67,0.67,0.67,0.67,0.67,0.67,0.67,0.67,0.67,0.67,0.67;1.0,1.0,1.0,1.0,1.0,1.0,1.0,1.0,1.0,1.0,1.0,1.0,1.0,1.0,1.0,1.0,1.0,1.0,1.0,1.0,1.0;1.0,1.0,1.0,1.0,1.0,1.0,1.0,1.0,1.0,1.0,1.0,1.0,1.0,1.0,1.0,1.0,1.0,1.0,1.0,1.0,1.0;1.0,1.0,1.0,1.0,1.0,1.0,1.0,1.0,1.0,1.0,1.0,1.0,1.0,1.0,1.0,1.0,1.0,1.0,1.0,1.0,1.0;1.0,1.0,1.0,1.0,1.0,1.0,1.0,1.0,1.0,1.0,1.0,1.0,1.0,1.0,1.0,1.0,1.0,1.0,1.0,1.0,1.0;1.0,1.0,1.0,1.0,1.0,1.0,1.0,1.0,1.0,1.0,1.0,1.0,1.0,1.0,1.0,1.0,1.0,1.0,1.0,1.0,1.0;1.0,1.0,1.0,1.0,1.0,1.0,1.0,1.0,1.0,1.0,1.0,1.0,1.0,1.0,1.0,1.0,1.0,1.0,1.0,1.0,1.0;1.0,1.0,1.0,1.0,1.0,1.0,1.0,1.0,1.0,1.0,1.0,1.0,1.0,1.0,1.0,1.0,1.0,1.0,1.0,1.0,1.0;1.0,1.0,1.0,1.0,1.0,1.0,1.0,1.0,1.0,1.0,1.0,1.0,1.0,1.0,1.0,1.0,1.0,1.0,1.0,1.0,1.0;1.0,1.0,1.0,1.0,1.0,1.0,1.0,1.0,1.0,1.0,1.0,1.0,1.0,1.0,1.0,1.0,1.0,1.0,1.0,1.0,1.0;1.0,1.0,1.0,1.0,1.0,1.0,1.0,1.0,1.0,1.0,1.0,1.0,1.0,1.0,1.0,1.0,1.0,1.0,1.0,1.0,1.0;1.0,1.0,1.0,1.0,1.0,1.0,1.0,1.0,1.0,1.0,1.0,1.0,1.0,1.0,1.0,1.0,1.0,1.0,1.0,1.0,1.0;1.0,1.0,1.0,1.0,1.0,1.0,1.0,1.0,1.0,1.0,1.0,1.0,1.0,1.0,1.0,1.0,1.0,1.0,1.0,1.0,1.0;1.0,1.0,1.0,1.0,1.0,1.0,1.0,1.0,1.0,1.0,1.0,1.0,1.0,1.0,1.0,1.0,1.0,1.0,1.0,1.0,1.0');
INSERT INTO `模糊矩阵表` VALUES (23, 2, 12, '1.0,1.0,1.0,1.0,1.0,1.0,1.0,1.0,1.0,1.0,1.0,1.0,1.0,1.0,1.0,1.0,1.0,1.0,1.0,1.0,1.0;1.0,1.0,1.0,1.0,1.0,1.0,1.0,1.0,1.0,1.0,1.0,1.0,1.0,1.0,1.0,1.0,1.0,1.0,1.0,1.0,1.0;1.0,1.0,1.0,1.0,1.0,1.0,1.0,1.0,1.0,1.0,1.0,1.0,1.0,1.0,1.0,1.0,1.0,1.0,1.0,1.0,1.0;1.0,1.0,1.0,1.0,1.0,1.0,1.0,1.0,1.0,1.0,1.0,1.0,1.0,1.0,1.0,1.0,1.0,1.0,1.0,1.0,1.0;0.67,0.67,0.67,0.67,0.67,0.67,0.67,0.67,0.67,0.67,0.67,0.67,0.67,0.67,0.67,0.67,0.67,0.67,0.67,0.67,0.67;0.33,0.33,0.33,0.33,0.33,0.33,0.5,0.67,0.67,0.67,0.5,0.33,0.33,0.33,0.33,0.33,0.33,0.33,0.33,0.33,0.33;0.0,0.0,0.0,0.0,0.0,0.25,0.5,0.75,1.0,0.75,0.5,0.25,0.0,0.0,0.0,0.0,0.0,0.0,0.0,0.0,0.0;0.33,0.33,0.33,0.33,0.33,0.33,0.5,0.67,0.67,0.67,0.5,0.33,0.33,0.33,0.33,0.33,0.33,0.33,0.33,0.33,0.33;0.67,0.67,0.67,0.67,0.67,0.67,0.67,0.67,0.67,0.67,0.67,0.67,0.67,0.67,0.67,0.67,0.67,0.67,0.67,0.67,0.67;1.0,1.0,1.0,1.0,1.0,1.0,1.0,1.0,1.0,1.0,1.0,1.0,1.0,1.0,1.0,1.0,1.0,1.0,1.0,1.0,1.0;1.0,1.0,1.0,1.0,1.0,1.0,1.0,1.0,1.0,1.0,1.0,1.0,1.0,1.0,1.0,1.0,1.0,1.0,1.0,1.0,1.0;1.0,1.0,1.0,1.0,1.0,1.0,1.0,1.0,1.0,1.0,1.0,1.0,1.0,1.0,1.0,1.0,1.0,1.0,1.0,1.0,1.0;1.0,1.0,1.0,1.0,1.0,1.0,1.0,1.0,1.0,1.0,1.0,1.0,1.0,1.0,1.0,1.0,1.0,1.0,1.0,1.0,1.0;1.0,1.0,1.0,1.0,1.0,1.0,1.0,1.0,1.0,1.0,1.0,1.0,1.0,1.0,1.0,1.0,1.0,1.0,1.0,1.0,1.0;1.0,1.0,1.0,1.0,1.0,1.0,1.0,1.0,1.0,1.0,1.0,1.0,1.0,1.0,1.0,1.0,1.0,1.0,1.0,1.0,1.0;1.0,1.0,1.0,1.0,1.0,1.0,1.0,1.0,1.0,1.0,1.0,1.0,1.0,1.0,1.0,1.0,1.0,1.0,1.0,1.0,1.0;1.0,1.0,1.0,1.0,1.0,1.0,1.0,1.0,1.0,1.0,1.0,1.0,1.0,1.0,1.0,1.0,1.0,1.0,1.0,1.0,1.0;1.0,1.0,1.0,1.0,1.0,1.0,1.0,1.0,1.0,1.0,1.0,1.0,1.0,1.0,1.0,1.0,1.0,1.0,1.0,1.0,1.0;1.0,1.0,1.0,1.0,1.0,1.0,1.0,1.0,1.0,1.0,1.0,1.0,1.0,1.0,1.0,1.0,1.0,1.0,1.0,1.0,1.0');
INSERT INTO `模糊矩阵表` VALUES (24, 3, 13, '1.0,1.0,1.0,1.0,1.0,1.0,1.0,1.0,1.0,1.0,1.0,1.0,1.0,1.0,1.0,1.0,1.0,1.0,1.0,1.0,1.0;1.0,1.0,1.0,1.0,1.0,1.0,1.0,1.0,1.0,1.0,1.0,1.0,1.0,1.0,1.0,1.0,1.0,1.0,1.0,1.0,1.0;1.0,1.0,1.0,1.0,1.0,1.0,1.0,1.0,1.0,1.0,1.0,1.0,1.0,1.0,1.0,1.0,1.0,1.0,1.0,1.0,1.0;1.0,1.0,1.0,1.0,1.0,1.0,1.0,1.0,1.0,1.0,1.0,1.0,1.0,1.0,1.0,1.0,1.0,1.0,1.0,1.0,1.0;1.0,1.0,1.0,1.0,1.0,1.0,1.0,1.0,1.0,1.0,1.0,1.0,1.0,1.0,1.0,1.0,1.0,1.0,1.0,1.0,1.0;1.0,1.0,1.0,1.0,1.0,1.0,1.0,1.0,1.0,1.0,1.0,1.0,1.0,1.0,1.0,1.0,1.0,1.0,1.0,1.0,1.0;1.0,1.0,1.0,1.0,1.0,1.0,1.0,1.0,1.0,1.0,1.0,1.0,1.0,1.0,1.0,1.0,1.0,1.0,1.0,1.0,1.0;1.0,1.0,1.0,1.0,1.0,1.0,1.0,1.0,1.0,1.0,1.0,1.0,1.0,1.0,1.0,1.0,1.0,1.0,1.0,1.0,1.0;0.67,0.67,0.67,0.67,0.67,0.67,0.67,0.67,0.67,0.67,0.67,0.67,0.67,0.67,0.67,0.67,0.67,0.67,0.67,0.67,0.67;0.33,0.33,0.33,0.33,0.33,0.33,0.33,0.33,0.33,0.33,0.5,0.67,0.67,0.67,0.5,0.33,0.33,0.33,0.33,0.33,0.33;0.0,0.0,0.0,0.0,0.0,0.0,0.0,0.0,0.0,0.25,0.5,0.75,1.0,0.75,0.5,0.25,0.0,0.0,0.0,0.0,0.0;0.33,0.33,0.33,0.33,0.33,0.33,0.33,0.33,0.33,0.33,0.5,0.67,0.67,0.67,0.5,0.33,0.33,0.33,0.33,0.33,0.33;0.67,0.67,0.67,0.67,0.67,0.67,0.67,0.67,0.67,0.67,0.67,0.67,0.67,0.67,0.67,0.67,0.67,0.67,0.67,0.67,0.67;1.0,1.0,1.0,1.0,1.0,1.0,1.0,1.0,1.0,1.0,1.0,1.0,1.0,1.0,1.0,1.0,1.0,1.0,1.0,1.0,1.0;1.0,1.0,1.0,1.0,1.0,1.0,1.0,1.0,1.0,1.0,1.0,1.0,1.0,1.0,1.0,1.0,1.0,1.0,1.0,1.0,1.0;1.0,1.0,1.0,1.0,1.0,1.0,1.0,1.0,1.0,1.0,1.0,1.0,1.0,1.0,1.0,1.0,1.0,1.0,1.0,1.0,1.0;1.0,1.0,1.0,1.0,1.0,1.0,1.0,1.0,1.0,1.0,1.0,1.0,1.0,1.0,1.0,1.0,1.0,1.0,1.0,1.0,1.0;1.0,1.0,1.0,1.0,1.0,1.0,1.0,1.0,1.0,1.0,1.0,1.0,1.0,1.0,1.0,1.0,1.0,1.0,1.0,1.0,1.0;1.0,1.0,1.0,1.0,1.0,1.0,1.0,1.0,1.0,1.0,1.0,1.0,1.0,1.0,1.0,1.0,1.0,1.0,1.0,1.0,1.0');
INSERT INTO `模糊矩阵表` VALUES (25, 4, 14, '1.0,1.0,1.0,1.0,1.0,1.0,1.0,1.0,1.0,1.0,1.0,1.0,1.0,1.0,1.0,1.0,1.0,1.0,1.0,1.0,1.0;1.0,1.0,1.0,1.0,1.0,1.0,1.0,1.0,1.0,1.0,1.0,1.0,1.0,1.0,1.0,1.0,1.0,1.0,1.0,1.0,1.0;1.0,1.0,1.0,1.0,1.0,1.0,1.0,1.0,1.0,1.0,1.0,1.0,1.0,1.0,1.0,1.0,1.0,1.0,1.0,1.0,1.0;1.0,1.0,1.0,1.0,1.0,1.0,1.0,1.0,1.0,1.0,1.0,1.0,1.0,1.0,1.0,1.0,1.0,1.0,1.0,1.0,1.0;1.0,1.0,1.0,1.0,1.0,1.0,1.0,1.0,1.0,1.0,1.0,1.0,1.0,1.0,1.0,1.0,1.0,1.0,1.0,1.0,1.0;1.0,1.0,1.0,1.0,1.0,1.0,1.0,1.0,1.0,1.0,1.0,1.0,1.0,1.0,1.0,1.0,1.0,1.0,1.0,1.0,1.0;1.0,1.0,1.0,1.0,1.0,1.0,1.0,1.0,1.0,1.0,1.0,1.0,1.0,1.0,1.0,1.0,1.0,1.0,1.0,1.0,1.0;1.0,1.0,1.0,1.0,1.0,1.0,1.0,1.0,1.0,1.0,1.0,1.0,1.0,1.0,1.0,1.0,1.0,1.0,1.0,1.0,1.0;0.67,0.67,0.67,0.67,0.67,0.67,0.67,0.67,0.67,0.67,0.67,0.67,0.67,0.67,0.67,0.67,0.67,0.67,0.67,0.67,0.67;0.33,0.33,0.33,0.33,0.33,0.33,0.33,0.33,0.33,0.33,0.33,0.33,0.33,0.33,0.33,0.33,0.33,0.33,0.33,0.33,0.33;0.0,0.0,0.0,0.0,0.0,0.0,0.0,0.0,0.0,0.0,0.0,0.0,0.0,0.0,0.0,0.0,0.0,0.0,0.0,0.0,0.0;0.33,0.33,0.33,0.33,0.33,0.33,0.33,0.33,0.33,0.33,0.33,0.33,0.33,0.33,0.33,0.33,0.33,0.33,0.33,0.33,0.33;0.67,0.67,0.67,0.67,0.67,0.67,0.67,0.67,0.67,0.67,0.67,0.67,0.67,0.67,0.67,0.67,0.67,0.67,0.67,0.67,0.67;1.0,1.0,1.0,1.0,1.0,1.0,1.0,1.0,1.0,1.0,1.0,1.0,1.0,1.0,1.0,1.0,1.0,1.0,1.0,1.0,1.0;1.0,1.0,1.0,1.0,1.0,1.0,1.0,1.0,1.0,1.0,1.0,1.0,1.0,1.0,1.0,1.0,1.0,1.0,1.0,1.0,1.0;1.0,1.0,1.0,1.0,1.0,1.0,1.0,1.0,1.0,1.0,1.0,1.0,1.0,1.0,1.0,1.0,1.0,1.0,1.0,1.0,1.0;1.0,1.0,1.0,1.0,1.0,1.0,1.0,1.0,1.0,1.0,1.0,1.0,1.0,1.0,1.0,1.0,1.0,1.0,1.0,1.0,1.0;1.0,1.0,1.0,1.0,1.0,1.0,1.0,1.0,1.0,1.0,1.0,1.0,1.0,1.0,1.0,1.0,1.0,1.0,1.0,1.0,1.0;1.0,1.0,1.0,1.0,1.0,1.0,1.0,1.0,1.0,1.0,1.0,1.0,1.0,1.0,1.0,1.0,1.0,1.0,1.0,1.0,1.0');
INSERT INTO `模糊矩阵表` VALUES (26, 5, 15, '1.0,1.0,1.0,1.0,1.0,1.0,1.0,1.0,1.0,1.0,1.0,1.0,1.0,1.0,1.0,1.0,1.0,1.0,1.0,1.0,1.0;1.0,1.0,1.0,1.0,1.0,1.0,1.0,1.0,1.0,1.0,1.0,1.0,1.0,1.0,1.0,1.0,1.0,1.0,1.0,1.0,1.0;1.0,1.0,1.0,1.0,1.0,1.0,1.0,1.0,1.0,1.0,1.0,1.0,1.0,1.0,1.0,1.0,1.0,1.0,1.0,1.0,1.0;1.0,1.0,1.0,1.0,1.0,1.0,1.0,1.0,1.0,1.0,1.0,1.0,1.0,1.0,1.0,1.0,1.0,1.0,1.0,1.0,1.0;1.0,1.0,1.0,1.0,1.0,1.0,1.0,1.0,1.0,1.0,1.0,1.0,1.0,1.0,1.0,1.0,1.0,1.0,1.0,1.0,1.0;1.0,1.0,1.0,1.0,1.0,1.0,1.0,1.0,1.0,1.0,1.0,1.0,1.0,1.0,1.0,1.0,1.0,1.0,1.0,1.0,1.0;1.0,1.0,1.0,1.0,1.0,1.0,1.0,1.0,1.0,1.0,1.0,1.0,1.0,1.0,1.0,1.0,1.0,1.0,1.0,1.0,1.0;1.0,1.0,1.0,1.0,1.0,1.0,1.0,1.0,1.0,1.0,1.0,1.0,1.0,1.0,1.0,1.0,1.0,1.0,1.0,1.0,1.0;0.67,0.67,0.67,0.67,0.67,0.67,0.67,0.67,0.67,0.67,0.67,0.67,0.67,0.67,0.67,0.67,0.67,0.67,0.67,0.67,0.67;0.33,0.33,0.33,0.33,0.33,0.33,0.33,0.33,0.33,0.33,0.33,0.33,0.33,0.33,0.33,0.33,0.33,0.33,0.33,0.33,0.33;0.0,0.0,0.0,0.0,0.0,0.0,0.0,0.0,0.0,0.0,0.0,0.0,0.0,0.0,0.0,0.0,0.0,0.0,0.0,0.0,0.0;0.33,0.33,0.33,0.33,0.33,0.33,0.33,0.33,0.33,0.33,0.33,0.33,0.33,0.33,0.33,0.33,0.33,0.33,0.33,0.33,0.33;0.67,0.67,0.67,0.67,0.67,0.67,0.67,0.67,0.67,0.67,0.67,0.67,0.67,0.67,0.67,0.67,0.67,0.67,0.67,0.67,0.67;1.0,1.0,1.0,1.0,1.0,1.0,1.0,1.0,1.0,1.0,1.0,1.0,1.0,1.0,1.0,1.0,1.0,1.0,1.0,1.0,1.0;1.0,1.0,1.0,1.0,1.0,1.0,1.0,1.0,1.0,1.0,1.0,1.0,1.0,1.0,1.0,1.0,1.0,1.0,1.0,1.0,1.0;1.0,1.0,1.0,1.0,1.0,1.0,1.0,1.0,1.0,1.0,1.0,1.0,1.0,1.0,1.0,1.0,1.0,1.0,1.0,1.0,1.0;1.0,1.0,1.0,1.0,1.0,1.0,1.0,1.0,1.0,1.0,1.0,1.0,1.0,1.0,1.0,1.0,1.0,1.0,1.0,1.0,1.0;1.0,1.0,1.0,1.0,1.0,1.0,1.0,1.0,1.0,1.0,1.0,1.0,1.0,1.0,1.0,1.0,1.0,1.0,1.0,1.0,1.0;1.0,1.0,1.0,1.0,1.0,1.0,1.0,1.0,1.0,1.0,1.0,1.0,1.0,1.0,1.0,1.0,1.0,1.0,1.0,1.0,1.0');
INSERT INTO `模糊矩阵表` VALUES (27, 6, 17, '1.0,1.0,1.0,1.0,1.0,0.75,0.5,0.25,0.0,0.0,0.0,0.0,0.0,0.0,0.0,0.0,0.0,0.0,0.0,0.0,0.0;1.0,1.0,1.0,1.0,1.0,0.75,0.5,0.25,0.0,0.0,0.0,0.0,0.0,0.0,0.0,0.0,0.0,0.0,0.0,0.0,0.0;1.0,1.0,1.0,1.0,1.0,0.75,0.5,0.25,0.0,0.0,0.0,0.0,0.0,0.0,0.0,0.0,0.0,0.0,0.0,0.0,0.0;1.0,1.0,1.0,1.0,1.0,0.75,0.5,0.25,0.0,0.0,0.0,0.0,0.0,0.0,0.0,0.0,0.0,0.0,0.0,0.0,0.0;0.67,0.67,0.67,0.67,0.67,0.67,0.5,0.33,0.33,0.33,0.33,0.33,0.33,0.33,0.33,0.33,0.33,0.33,0.33,0.33,0.33;0.67,0.67,0.67,0.67,0.67,0.67,0.67,0.67,0.67,0.67,0.67,0.67,0.67,0.67,0.67,0.67,0.67,0.67,0.67,0.67,0.67;1.0,1.0,1.0,1.0,1.0,1.0,1.0,1.0,1.0,1.0,1.0,1.0,1.0,1.0,1.0,1.0,1.0,1.0,1.0,1.0,1.0;1.0,1.0,1.0,1.0,1.0,1.0,1.0,1.0,1.0,1.0,1.0,1.0,1.0,1.0,1.0,1.0,1.0,1.0,1.0,1.0,1.0;1.0,1.0,1.0,1.0,1.0,1.0,1.0,1.0,1.0,1.0,1.0,1.0,1.0,1.0,1.0,1.0,1.0,1.0,1.0,1.0,1.0;1.0,1.0,1.0,1.0,1.0,1.0,1.0,1.0,1.0,1.0,1.0,1.0,1.0,1.0,1.0,1.0,1.0,1.0,1.0,1.0,1.0;1.0,1.0,1.0,1.0,1.0,1.0,1.0,1.0,1.0,1.0,1.0,1.0,1.0,1.0,1.0,1.0,1.0,1.0,1.0,1.0,1.0;1.0,1.0,1.0,1.0,1.0,1.0,1.0,1.0,1.0,1.0,1.0,1.0,1.0,1.0,1.0,1.0,1.0,1.0,1.0,1.0,1.0;1.0,1.0,1.0,1.0,1.0,1.0,1.0,1.0,1.0,1.0,1.0,1.0,1.0,1.0,1.0,1.0,1.0,1.0,1.0,1.0,1.0;1.0,1.0,1.0,1.0,1.0,1.0,1.0,1.0,1.0,1.0,1.0,1.0,1.0,1.0,1.0,1.0,1.0,1.0,1.0,1.0,1.0;1.0,1.0,1.0,1.0,1.0,1.0,1.0,1.0,1.0,1.0,1.0,1.0,1.0,1.0,1.0,1.0,1.0,1.0,1.0,1.0,1.0;1.0,1.0,1.0,1.0,1.0,1.0,1.0,1.0,1.0,1.0,1.0,1.0,1.0,1.0,1.0,1.0,1.0,1.0,1.0,1.0,1.0;1.0,1.0,1.0,1.0,1.0,1.0,1.0,1.0,1.0,1.0,1.0,1.0,1.0,1.0,1.0,1.0,1.0,1.0,1.0,1.0,1.0;1.0,1.0,1.0,1.0,1.0,1.0,1.0,1.0,1.0,1.0,1.0,1.0,1.0,1.0,1.0,1.0,1.0,1.0,1.0,1.0,1.0;1.0,1.0,1.0,1.0,1.0,1.0,1.0,1.0,1.0,1.0,1.0,1.0,1.0,1.0,1.0,1.0,1.0,1.0,1.0,1.0,1.0');
INSERT INTO `模糊矩阵表` VALUES (28, 7, 18, '1.0,1.0,1.0,1.0,1.0,1.0,1.0,1.0,1.0,1.0,1.0,1.0,1.0,1.0,1.0,1.0,1.0,1.0,1.0,1.0,1.0;1.0,1.0,1.0,1.0,1.0,1.0,1.0,1.0,1.0,1.0,1.0,1.0,1.0,1.0,1.0,1.0,1.0,1.0,1.0,1.0,1.0;1.0,1.0,1.0,1.0,1.0,1.0,1.0,1.0,1.0,1.0,1.0,1.0,1.0,1.0,1.0,1.0,1.0,1.0,1.0,1.0,1.0;1.0,1.0,1.0,1.0,1.0,1.0,1.0,1.0,1.0,1.0,1.0,1.0,1.0,1.0,1.0,1.0,1.0,1.0,1.0,1.0,1.0;0.67,0.67,0.67,0.67,0.67,0.67,0.67,0.67,0.67,0.67,0.67,0.67,0.67,0.67,0.67,0.67,0.67,0.67,0.67,0.67,0.67;0.33,0.33,0.33,0.33,0.33,0.33,0.5,0.67,0.67,0.67,0.5,0.33,0.33,0.33,0.33,0.33,0.33,0.33,0.33,0.33,0.33;0.0,0.0,0.0,0.0,0.0,0.25,0.5,0.75,1.0,0.75,0.5,0.25,0.0,0.0,0.0,0.0,0.0,0.0,0.0,0.0,0.0;0.33,0.33,0.33,0.33,0.33,0.33,0.5,0.67,0.67,0.67,0.5,0.33,0.33,0.33,0.33,0.33,0.33,0.33,0.33,0.33,0.33;0.67,0.67,0.67,0.67,0.67,0.67,0.67,0.67,0.67,0.67,0.67,0.67,0.67,0.67,0.67,0.67,0.67,0.67,0.67,0.67,0.67;1.0,1.0,1.0,1.0,1.0,1.0,1.0,1.0,1.0,1.0,1.0,1.0,1.0,1.0,1.0,1.0,1.0,1.0,1.0,1.0,1.0;1.0,1.0,1.0,1.0,1.0,1.0,1.0,1.0,1.0,1.0,1.0,1.0,1.0,1.0,1.0,1.0,1.0,1.0,1.0,1.0,1.0;1.0,1.0,1.0,1.0,1.0,1.0,1.0,1.0,1.0,1.0,1.0,1.0,1.0,1.0,1.0,1.0,1.0,1.0,1.0,1.0,1.0;1.0,1.0,1.0,1.0,1.0,1.0,1.0,1.0,1.0,1.0,1.0,1.0,1.0,1.0,1.0,1.0,1.0,1.0,1.0,1.0,1.0;1.0,1.0,1.0,1.0,1.0,1.0,1.0,1.0,1.0,1.0,1.0,1.0,1.0,1.0,1.0,1.0,1.0,1.0,1.0,1.0,1.0;1.0,1.0,1.0,1.0,1.0,1.0,1.0,1.0,1.0,1.0,1.0,1.0,1.0,1.0,1.0,1.0,1.0,1.0,1.0,1.0,1.0;1.0,1.0,1.0,1.0,1.0,1.0,1.0,1.0,1.0,1.0,1.0,1.0,1.0,1.0,1.0,1.0,1.0,1.0,1.0,1.0,1.0;1.0,1.0,1.0,1.0,1.0,1.0,1.0,1.0,1.0,1.0,1.0,1.0,1.0,1.0,1.0,1.0,1.0,1.0,1.0,1.0,1.0;1.0,1.0,1.0,1.0,1.0,1.0,1.0,1.0,1.0,1.0,1.0,1.0,1.0,1.0,1.0,1.0,1.0,1.0,1.0,1.0,1.0;1.0,1.0,1.0,1.0,1.0,1.0,1.0,1.0,1.0,1.0,1.0,1.0,1.0,1.0,1.0,1.0,1.0,1.0,1.0,1.0,1.0');
INSERT INTO `模糊矩阵表` VALUES (29, 8, 19, '1.0,1.0,1.0,1.0,1.0,1.0,1.0,1.0,1.0,1.0,1.0,1.0,1.0,1.0,1.0,1.0,1.0,1.0,1.0,1.0,1.0;1.0,1.0,1.0,1.0,1.0,1.0,1.0,1.0,1.0,1.0,1.0,1.0,1.0,1.0,1.0,1.0,1.0,1.0,1.0,1.0,1.0;1.0,1.0,1.0,1.0,1.0,1.0,1.0,1.0,1.0,1.0,1.0,1.0,1.0,1.0,1.0,1.0,1.0,1.0,1.0,1.0,1.0;1.0,1.0,1.0,1.0,1.0,1.0,1.0,1.0,1.0,1.0,1.0,1.0,1.0,1.0,1.0,1.0,1.0,1.0,1.0,1.0,1.0;1.0,1.0,1.0,1.0,1.0,1.0,1.0,1.0,1.0,1.0,1.0,1.0,1.0,1.0,1.0,1.0,1.0,1.0,1.0,1.0,1.0;1.0,1.0,1.0,1.0,1.0,1.0,1.0,1.0,1.0,1.0,1.0,1.0,1.0,1.0,1.0,1.0,1.0,1.0,1.0,1.0,1.0;1.0,1.0,1.0,1.0,1.0,1.0,1.0,1.0,1.0,1.0,1.0,1.0,1.0,1.0,1.0,1.0,1.0,1.0,1.0,1.0,1.0;1.0,1.0,1.0,1.0,1.0,1.0,1.0,1.0,1.0,1.0,1.0,1.0,1.0,1.0,1.0,1.0,1.0,1.0,1.0,1.0,1.0;0.67,0.67,0.67,0.67,0.67,0.67,0.67,0.67,0.67,0.67,0.67,0.67,0.67,0.67,0.67,0.67,0.67,0.67,0.67,0.67,0.67;0.33,0.33,0.33,0.33,0.33,0.33,0.33,0.33,0.33,0.33,0.5,0.67,0.67,0.67,0.5,0.33,0.33,0.33,0.33,0.33,0.33;0.0,0.0,0.0,0.0,0.0,0.0,0.0,0.0,0.0,0.25,0.5,0.75,1.0,0.75,0.5,0.25,0.0,0.0,0.0,0.0,0.0;0.33,0.33,0.33,0.33,0.33,0.33,0.33,0.33,0.33,0.33,0.5,0.67,0.67,0.67,0.5,0.33,0.33,0.33,0.33,0.33,0.33;0.67,0.67,0.67,0.67,0.67,0.67,0.67,0.67,0.67,0.67,0.67,0.67,0.67,0.67,0.67,0.67,0.67,0.67,0.67,0.67,0.67;1.0,1.0,1.0,1.0,1.0,1.0,1.0,1.0,1.0,1.0,1.0,1.0,1.0,1.0,1.0,1.0,1.0,1.0,1.0,1.0,1.0;1.0,1.0,1.0,1.0,1.0,1.0,1.0,1.0,1.0,1.0,1.0,1.0,1.0,1.0,1.0,1.0,1.0,1.0,1.0,1.0,1.0;1.0,1.0,1.0,1.0,1.0,1.0,1.0,1.0,1.0,1.0,1.0,1.0,1.0,1.0,1.0,1.0,1.0,1.0,1.0,1.0,1.0;1.0,1.0,1.0,1.0,1.0,1.0,1.0,1.0,1.0,1.0,1.0,1.0,1.0,1.0,1.0,1.0,1.0,1.0,1.0,1.0,1.0;1.0,1.0,1.0,1.0,1.0,1.0,1.0,1.0,1.0,1.0,1.0,1.0,1.0,1.0,1.0,1.0,1.0,1.0,1.0,1.0,1.0;1.0,1.0,1.0,1.0,1.0,1.0,1.0,1.0,1.0,1.0,1.0,1.0,1.0,1.0,1.0,1.0,1.0,1.0,1.0,1.0,1.0');
INSERT INTO `模糊矩阵表` VALUES (30, 9, 20, '1.0,1.0,1.0,1.0,1.0,1.0,1.0,1.0,1.0,1.0,1.0,1.0,1.0,1.0,1.0,1.0,1.0,1.0,1.0,1.0,1.0;1.0,1.0,1.0,1.0,1.0,1.0,1.0,1.0,1.0,1.0,1.0,1.0,1.0,1.0,1.0,1.0,1.0,1.0,1.0,1.0,1.0;1.0,1.0,1.0,1.0,1.0,1.0,1.0,1.0,1.0,1.0,1.0,1.0,1.0,1.0,1.0,1.0,1.0,1.0,1.0,1.0,1.0;1.0,1.0,1.0,1.0,1.0,1.0,1.0,1.0,1.0,1.0,1.0,1.0,1.0,1.0,1.0,1.0,1.0,1.0,1.0,1.0,1.0;1.0,1.0,1.0,1.0,1.0,1.0,1.0,1.0,1.0,1.0,1.0,1.0,1.0,1.0,1.0,1.0,1.0,1.0,1.0,1.0,1.0;1.0,1.0,1.0,1.0,1.0,1.0,1.0,1.0,1.0,1.0,1.0,1.0,1.0,1.0,1.0,1.0,1.0,1.0,1.0,1.0,1.0;1.0,1.0,1.0,1.0,1.0,1.0,1.0,1.0,1.0,1.0,1.0,1.0,1.0,1.0,1.0,1.0,1.0,1.0,1.0,1.0,1.0;1.0,1.0,1.0,1.0,1.0,1.0,1.0,1.0,1.0,1.0,1.0,1.0,1.0,1.0,1.0,1.0,1.0,1.0,1.0,1.0,1.0;0.67,0.67,0.67,0.67,0.67,0.67,0.67,0.67,0.67,0.67,0.67,0.67,0.67,0.67,0.67,0.67,0.67,0.67,0.67,0.67,0.67;0.33,0.33,0.33,0.33,0.33,0.33,0.33,0.33,0.33,0.33,0.33,0.33,0.33,0.33,0.33,0.33,0.33,0.33,0.33,0.33,0.33;0.0,0.0,0.0,0.0,0.0,0.0,0.0,0.0,0.0,0.0,0.0,0.0,0.0,0.0,0.0,0.0,0.0,0.0,0.0,0.0,0.0;0.33,0.33,0.33,0.33,0.33,0.33,0.33,0.33,0.33,0.33,0.33,0.33,0.33,0.33,0.33,0.33,0.33,0.33,0.33,0.33,0.33;0.67,0.67,0.67,0.67,0.67,0.67,0.67,0.67,0.67,0.67,0.67,0.67,0.67,0.67,0.67,0.67,0.67,0.67,0.67,0.67,0.67;1.0,1.0,1.0,1.0,1.0,1.0,1.0,1.0,1.0,1.0,1.0,1.0,1.0,1.0,1.0,1.0,1.0,1.0,1.0,1.0,1.0;1.0,1.0,1.0,1.0,1.0,1.0,1.0,1.0,1.0,1.0,1.0,1.0,1.0,1.0,1.0,1.0,1.0,1.0,1.0,1.0,1.0;1.0,1.0,1.0,1.0,1.0,1.0,1.0,1.0,1.0,1.0,1.0,1.0,1.0,1.0,1.0,1.0,1.0,1.0,1.0,1.0,1.0;1.0,1.0,1.0,1.0,1.0,1.0,1.0,1.0,1.0,1.0,1.0,1.0,1.0,1.0,1.0,1.0,1.0,1.0,1.0,1.0,1.0;1.0,1.0,1.0,1.0,1.0,1.0,1.0,1.0,1.0,1.0,1.0,1.0,1.0,1.0,1.0,1.0,1.0,1.0,1.0,1.0,1.0;1.0,1.0,1.0,1.0,1.0,1.0,1.0,1.0,1.0,1.0,1.0,1.0,1.0,1.0,1.0,1.0,1.0,1.0,1.0,1.0,1.0');
INSERT INTO `模糊矩阵表` VALUES (31, 10, 21, '1.0,1.0,1.0,1.0,1.0,1.0,1.0,1.0,1.0,1.0,1.0,1.0,1.0,1.0,1.0,1.0,1.0,1.0,1.0,1.0,1.0;1.0,1.0,1.0,1.0,1.0,1.0,1.0,1.0,1.0,1.0,1.0,1.0,1.0,1.0,1.0,1.0,1.0,1.0,1.0,1.0,1.0;1.0,1.0,1.0,1.0,1.0,1.0,1.0,1.0,1.0,1.0,1.0,1.0,1.0,1.0,1.0,1.0,1.0,1.0,1.0,1.0,1.0;1.0,1.0,1.0,1.0,1.0,1.0,1.0,1.0,1.0,1.0,1.0,1.0,1.0,1.0,1.0,1.0,1.0,1.0,1.0,1.0,1.0;1.0,1.0,1.0,1.0,1.0,1.0,1.0,1.0,1.0,1.0,1.0,1.0,1.0,1.0,1.0,1.0,1.0,1.0,1.0,1.0,1.0;1.0,1.0,1.0,1.0,1.0,1.0,1.0,1.0,1.0,1.0,1.0,1.0,1.0,1.0,1.0,1.0,1.0,1.0,1.0,1.0,1.0;1.0,1.0,1.0,1.0,1.0,1.0,1.0,1.0,1.0,1.0,1.0,1.0,1.0,1.0,1.0,1.0,1.0,1.0,1.0,1.0,1.0;1.0,1.0,1.0,1.0,1.0,1.0,1.0,1.0,1.0,1.0,1.0,1.0,1.0,1.0,1.0,1.0,1.0,1.0,1.0,1.0,1.0;0.67,0.67,0.67,0.67,0.67,0.67,0.67,0.67,0.67,0.67,0.67,0.67,0.67,0.67,0.67,0.67,0.67,0.67,0.67,0.67,0.67;0.33,0.33,0.33,0.33,0.33,0.33,0.33,0.33,0.33,0.33,0.33,0.33,0.33,0.33,0.33,0.33,0.33,0.33,0.33,0.33,0.33;0.0,0.0,0.0,0.0,0.0,0.0,0.0,0.0,0.0,0.0,0.0,0.0,0.0,0.0,0.0,0.0,0.0,0.0,0.0,0.0,0.0;0.33,0.33,0.33,0.33,0.33,0.33,0.33,0.33,0.33,0.33,0.33,0.33,0.33,0.33,0.33,0.33,0.33,0.33,0.33,0.33,0.33;0.67,0.67,0.67,0.67,0.67,0.67,0.67,0.67,0.67,0.67,0.67,0.67,0.67,0.67,0.67,0.67,0.67,0.67,0.67,0.67,0.67;1.0,1.0,1.0,1.0,1.0,1.0,1.0,1.0,1.0,1.0,1.0,1.0,1.0,1.0,1.0,1.0,1.0,1.0,1.0,1.0,1.0;1.0,1.0,1.0,1.0,1.0,1.0,1.0,1.0,1.0,1.0,1.0,1.0,1.0,1.0,1.0,1.0,1.0,1.0,1.0,1.0,1.0;1.0,1.0,1.0,1.0,1.0,1.0,1.0,1.0,1.0,1.0,1.0,1.0,1.0,1.0,1.0,1.0,1.0,1.0,1.0,1.0,1.0;1.0,1.0,1.0,1.0,1.0,1.0,1.0,1.0,1.0,1.0,1.0,1.0,1.0,1.0,1.0,1.0,1.0,1.0,1.0,1.0,1.0;1.0,1.0,1.0,1.0,1.0,1.0,1.0,1.0,1.0,1.0,1.0,1.0,1.0,1.0,1.0,1.0,1.0,1.0,1.0,1.0,1.0;1.0,1.0,1.0,1.0,1.0,1.0,1.0,1.0,1.0,1.0,1.0,1.0,1.0,1.0,1.0,1.0,1.0,1.0,1.0,1.0,1.0');
COMMIT;

-- ----------------------------
-- Table structure for 模糊集表
-- ----------------------------
DROP TABLE IF EXISTS `模糊集表`;
CREATE TABLE `模糊集表` (
  `ID` int NOT NULL AUTO_INCREMENT,
  `名称` varchar(20) NOT NULL,
  `object` varchar(1024) NOT NULL,
  `论域ID` int NOT NULL,
  PRIMARY KEY (`ID`),
  KEY `论域ID` (`论域ID`),
  KEY `名称` (`名称`),
  CONSTRAINT `模糊集表_ibfk_1` FOREIGN KEY (`论域ID`) REFERENCES `论域表` (`ID`)
) ENGINE=InnoDB AUTO_INCREMENT=22 DEFAULT CHARSET=utf8mb4 COLLATE=utf8mb4_0900_ai_ci;

-- ----------------------------
-- Records of 模糊集表
-- ----------------------------
BEGIN;
INSERT INTO `模糊集表` VALUES (1, '东西车流量小', '1;1;1;1;0.67;0.33;0;0;0;0;0;0;0;0;0;0;0;0;0', 1);
INSERT INTO `模糊集表` VALUES (2, '东西车流量较小', '0;0;0;0;0.33;0.67;1;0.67;0.33;0;0;0;0;0;0;0;0;0;0', 1);
INSERT INTO `模糊集表` VALUES (3, '东西车流量正常', '0;0;0;0;0;0;0;0;0.33;0.67;1;0.67;0.33;0;0;0;0;0;0', 1);
INSERT INTO `模糊集表` VALUES (4, '东西车流量较大', '0;0;0;0;0;0;0;0;0;0;0;0;0.5;1;0.5;0;0;0;0', 1);
INSERT INTO `模糊集表` VALUES (5, '东西车流量大', '0;0;0;0;0;0;0;0;0;0;0;0;0;0;0.5;1;1;1;1', 1);
INSERT INTO `模糊集表` VALUES (6, '南北车流量小', '1;1;1;1;0.67;0.33;0;0;0;0;0;0;0;0;0;0;0;0;0', 1);
INSERT INTO `模糊集表` VALUES (7, '南北车流量较小', '0;0;0;0;0.33;0.67;1;0.67;0.33;0;0;0;0;0;0;0;0;0;0', 1);
INSERT INTO `模糊集表` VALUES (8, '南北车流量正常', '0;0;0;0;0;0;0;0;0.33;0.67;1;0.67;0.33;0;0;0;0;0;0', 1);
INSERT INTO `模糊集表` VALUES (9, '南北车流量较大', '0;0;0;0;0;0;0;0;0;0;0;0;0.5;1;0.5;0;0;0;0', 1);
INSERT INTO `模糊集表` VALUES (10, '南北车流量大', '0;0;0;0;0;0;0;0;0;0;0;0;0;0;0.5;1;1;1;1', 1);
INSERT INTO `模糊集表` VALUES (11, '东西绿灯时长短', '1;1;1;1;1;0.75;0.5;0.25;0;0;0;0;0;0;0;0;0;0;0;0;0', 2);
INSERT INTO `模糊集表` VALUES (12, '东西绿灯时长较短', '0;0;0;0;0;0.25;0.5;0.75;1;0.75;0.5;0.25;0;0;0;0;0;0;0;0;0', 2);
INSERT INTO `模糊集表` VALUES (13, '东西绿灯时长正常', '0;0;0;0;0;0;0;0;0;0.25;0.5;0.75;1;0.75;0.5;0.25;0;0;0;0;0', 2);
INSERT INTO `模糊集表` VALUES (14, '东西绿灯时长较长', '0;0;0;0;0;0;0;0;0;0;0;0;0;0.25;0.5;0.75;1;0.75;0.5;0.25;0', 2);
INSERT INTO `模糊集表` VALUES (15, '东西绿灯时长长', '0;0;0;0;0;0;0;0;0;0;0;0;0;0;0;0;0;0.25;0.5;0.75;1', 2);
INSERT INTO `模糊集表` VALUES (17, '南北绿灯时长短', '1;1;1;1;1;0.75;0.5;0.25;0;0;0;0;0;0;0;0;0;0;0;0;0', 2);
INSERT INTO `模糊集表` VALUES (18, '南北绿灯时长较短', '0;0;0;0;0;0.25;0.5;0.75;1;0.75;0.5;0.25;0;0;0;0;0;0;0;0;0', 2);
INSERT INTO `模糊集表` VALUES (19, '南北绿灯时长正常', '0;0;0;0;0;0;0;0;0;0.25;0.5;0.75;1;0.75;0.5;0.25;0;0;0;0;0', 2);
INSERT INTO `模糊集表` VALUES (20, '南北绿灯时长较长', '0;0;0;0;0;0;0;0;0;0;0;0;0;0.25;0.5;0.75;1;0.75;0.5;0.25;0', 2);
INSERT INTO `模糊集表` VALUES (21, '南北绿灯时长长', '0;0;0;0;0;0;0;0;0;0;0;0;0;0;0;0;0;0.25;0.5;0.75;1', 2);
COMMIT;

-- ----------------------------
-- Table structure for 论域表
-- ----------------------------
DROP TABLE IF EXISTS `论域表`;
CREATE TABLE `论域表` (
  `ID` int NOT NULL AUTO_INCREMENT,
  `名称` varchar(20) NOT NULL,
  `object` varchar(1024) NOT NULL,
  PRIMARY KEY (`ID`)
) ENGINE=InnoDB AUTO_INCREMENT=3 DEFAULT CHARSET=utf8mb4 COLLATE=utf8mb4_0900_ai_ci;

-- ----------------------------
-- Records of 论域表
-- ----------------------------
BEGIN;
INSERT INTO `论域表` VALUES (1, '车流量', '0;2;4;6;8;10;12;14;16;18;20;22;24;26;28;30;32;34;36');
INSERT INTO `论域表` VALUES (2, '绿灯时长', '30;32;34;36;38;40;42;44;46;48;50;52;54;56;58;60;62;64;66;68;70');
COMMIT;

SET FOREIGN_KEY_CHECKS = 1;
