/*
 Navicat MySQL Data Transfer

 Source Server         : qingniao
 Source Server Type    : MySQL
 Source Server Version : 80023
 Source Host           : localhost:3306
 Source Schema         : intelligent_system

 Target Server Type    : MySQL
 Target Server Version : 80023
 File Encoding         : 65001

 Date: 26/06/2021 22:29:54
*/

SET NAMES utf8mb4;
SET FOREIGN_KEY_CHECKS = 0;

-- ----------------------------
-- Table structure for 上位机数据表
-- ----------------------------
DROP TABLE IF EXISTS `上位机数据表`;
CREATE TABLE `上位机数据表` (
  `ID` int NOT NULL AUTO_INCREMENT,
  `传感器ID` int DEFAULT NULL,
  `下传时间` timestamp NOT NULL,
  `东西绿灯时长` int DEFAULT NULL,
  `南北绿灯时长` int DEFAULT NULL,
  PRIMARY KEY (`ID`)
) ENGINE=InnoDB AUTO_INCREMENT=25 DEFAULT CHARSET=utf8;

-- ----------------------------
-- Records of 上位机数据表
-- ----------------------------
BEGIN;
INSERT INTO `上位机数据表` VALUES (1, 2, '2021-05-22 04:50:21', 10, 0);
INSERT INTO `上位机数据表` VALUES (2, 3, '2021-05-22 04:51:21', 0, 20);
INSERT INTO `上位机数据表` VALUES (3, 4, '2021-05-22 04:55:21', 36, 0);
INSERT INTO `上位机数据表` VALUES (4, 5, '2021-05-22 04:56:21', 0, 12);
INSERT INTO `上位机数据表` VALUES (5, 1000028, '2021-06-26 16:29:37', 20, 0);
INSERT INTO `上位机数据表` VALUES (6, 1000029, '2021-06-26 16:30:07', 0, 20);
INSERT INTO `上位机数据表` VALUES (7, 1000030, '2021-06-26 16:36:33', 30, 0);
INSERT INTO `上位机数据表` VALUES (8, 1000031, '2021-06-26 16:37:03', 0, 20);
INSERT INTO `上位机数据表` VALUES (9, 1000032, '2021-06-26 16:37:33', 30, 0);
INSERT INTO `上位机数据表` VALUES (10, 1000033, '2021-06-26 16:38:03', 0, 20);
INSERT INTO `上位机数据表` VALUES (11, 1000034, '2021-06-26 16:38:33', 30, 0);
INSERT INTO `上位机数据表` VALUES (12, 1000035, '2021-06-26 17:05:43', 30, 0);
INSERT INTO `上位机数据表` VALUES (13, 1000036, '2021-06-26 17:06:13', 0, 15);
INSERT INTO `上位机数据表` VALUES (14, 1000037, '2021-06-26 17:06:43', 30, 0);
INSERT INTO `上位机数据表` VALUES (15, 1000038, '2021-06-26 17:11:25', 30, 0);
INSERT INTO `上位机数据表` VALUES (16, 1000039, '2021-06-26 17:11:55', 0, 15);
INSERT INTO `上位机数据表` VALUES (17, 1000040, '2021-06-26 17:20:34', 30, 0);
INSERT INTO `上位机数据表` VALUES (18, 1000041, '2021-06-26 17:21:04', 0, 30);
INSERT INTO `上位机数据表` VALUES (19, 1000042, '2021-06-26 17:22:27', 30, 0);
INSERT INTO `上位机数据表` VALUES (20, 1000043, '2021-06-26 17:22:57', 0, 25);
INSERT INTO `上位机数据表` VALUES (21, 1000044, '2021-06-26 19:06:05', 25, 0);
INSERT INTO `上位机数据表` VALUES (22, 1000045, '2021-06-26 19:08:25', 15, 0);
INSERT INTO `上位机数据表` VALUES (23, 1000046, '2021-06-26 19:13:43', 25, 0);
INSERT INTO `上位机数据表` VALUES (24, 1000047, '2021-06-26 19:14:13', 0, 30);
COMMIT;

-- ----------------------------
-- Table structure for 传感器数据表
-- ----------------------------
DROP TABLE IF EXISTS `传感器数据表`;
CREATE TABLE `传感器数据表` (
  `ID` int NOT NULL AUTO_INCREMENT,
  `采集时间` timestamp NOT NULL,
  `东西车流量` int DEFAULT NULL,
  `南北车流量` int DEFAULT NULL,
  PRIMARY KEY (`ID`)
) ENGINE=InnoDB AUTO_INCREMENT=11 DEFAULT CHARSET=utf8;

-- ----------------------------
-- Records of 传感器数据表
-- ----------------------------
BEGIN;
INSERT INTO `传感器数据表` VALUES (1, '2021-05-21 23:18:54', 0, 0);
INSERT INTO `传感器数据表` VALUES (2, '2021-05-22 04:50:21', 10, 0);
INSERT INTO `传感器数据表` VALUES (3, '2021-05-22 04:51:21', 0, 20);
INSERT INTO `传感器数据表` VALUES (4, '2021-05-22 04:55:21', 36, 0);
INSERT INTO `传感器数据表` VALUES (5, '2021-05-22 04:56:21', 0, 12);
INSERT INTO `传感器数据表` VALUES (6, '2021-06-26 18:47:02', 10, 0);
INSERT INTO `传感器数据表` VALUES (7, '2021-06-26 19:16:36', 12, 0);
INSERT INTO `传感器数据表` VALUES (8, '2021-06-26 22:23:31', 10, 0);
INSERT INTO `传感器数据表` VALUES (9, '2021-06-26 22:24:40', 10, 0);
INSERT INTO `传感器数据表` VALUES (10, '2021-06-26 22:24:55', 20, 0);
COMMIT;

-- ----------------------------
-- Table structure for 可信度前提结论对应表
-- ----------------------------
DROP TABLE IF EXISTS `可信度前提结论对应表`;
CREATE TABLE `可信度前提结论对应表` (
  `ID` int NOT NULL,
  `名称` varchar(255) NOT NULL,
  `下限值` int NOT NULL,
  `上限值` int NOT NULL,
  PRIMARY KEY (`ID`)
) ENGINE=InnoDB DEFAULT CHARSET=utf8mb4 COLLATE=utf8mb4_0900_ai_ci;

-- ----------------------------
-- Records of 可信度前提结论对应表
-- ----------------------------
BEGIN;
INSERT INTO `可信度前提结论对应表` VALUES (1, '绿灯时间短', 10, 10);
INSERT INTO `可信度前提结论对应表` VALUES (2, '绿灯时间较短', 15, 15);
INSERT INTO `可信度前提结论对应表` VALUES (3, '绿灯时间正常', 20, 20);
INSERT INTO `可信度前提结论对应表` VALUES (4, '绿灯时间较长', 25, 25);
INSERT INTO `可信度前提结论对应表` VALUES (5, '绿灯时间长', 30, 30);
INSERT INTO `可信度前提结论对应表` VALUES (6, '南北车流量小', -1, 10);
INSERT INTO `可信度前提结论对应表` VALUES (7, '南北车流量较小', 10, 15);
INSERT INTO `可信度前提结论对应表` VALUES (8, '南北车流量正常', 15, 20);
INSERT INTO `可信度前提结论对应表` VALUES (9, '南北车流量较大', 20, 30);
INSERT INTO `可信度前提结论对应表` VALUES (10, '南北车流量大', 30, 100);
COMMIT;

-- ----------------------------
-- Table structure for 可信度属性表
-- ----------------------------
DROP TABLE IF EXISTS `可信度属性表`;
CREATE TABLE `可信度属性表` (
  `ID` int NOT NULL AUTO_INCREMENT,
  `传感器数据ID` int NOT NULL,
  `属性` varchar(1024) NOT NULL,
  `CF` float(255,2) NOT NULL,
  PRIMARY KEY (`ID`)
) ENGINE=InnoDB AUTO_INCREMENT=6 DEFAULT CHARSET=utf8mb4 COLLATE=utf8mb4_0900_ai_ci;

-- ----------------------------
-- Records of 可信度属性表
-- ----------------------------
BEGIN;
INSERT INTO `可信度属性表` VALUES (1, 1, '南北车流量小', 0.85);
INSERT INTO `可信度属性表` VALUES (2, 2, '南北车流量较小', 0.85);
INSERT INTO `可信度属性表` VALUES (3, 3, '南北车流量正常', 0.78);
INSERT INTO `可信度属性表` VALUES (4, 4, '南北车流量较大', 0.90);
INSERT INTO `可信度属性表` VALUES (5, 5, '南北车流量大', 0.85);
COMMIT;

-- ----------------------------
-- Table structure for 可信度知识表
-- ----------------------------
DROP TABLE IF EXISTS `可信度知识表`;
CREATE TABLE `可信度知识表` (
  `ID` int NOT NULL AUTO_INCREMENT,
  `前提` varchar(100) NOT NULL,
  `结论` varchar(50) NOT NULL,
  `前提可信度` float NOT NULL,
  `知识可信度` float NOT NULL,
  `更新时间` date DEFAULT NULL,
  `更新人` varchar(20) DEFAULT NULL,
  PRIMARY KEY (`ID`)
) ENGINE=InnoDB AUTO_INCREMENT=18 DEFAULT CHARSET=utf8;

-- ----------------------------
-- Records of 可信度知识表
-- ----------------------------
BEGIN;
INSERT INTO `可信度知识表` VALUES (1, '人流量小', '人行道绿灯时间短', 0.8, 0.9, '2021-05-22', '甲');
INSERT INTO `可信度知识表` VALUES (2, '人流量正常', '人行道绿灯时间正常', 0.8, 0.9, '2021-05-22', '乙');
INSERT INTO `可信度知识表` VALUES (3, '人流量大', '人行道绿灯时间长', 0.8, 0.8, '2021-05-24', 'xwb');
INSERT INTO `可信度知识表` VALUES (4, '南北车流量小', '绿灯时间短', 0.8, 0.85, '2021-06-04', 'xwb');
INSERT INTO `可信度知识表` VALUES (5, '南北车流量较小', '绿灯时间较短', 0.8, 0.85, '2021-06-04', 'xwb');
INSERT INTO `可信度知识表` VALUES (6, '南北车流量正常', '绿灯时间正常', 0.8, 0.85, '2021-06-04', 'xwb');
INSERT INTO `可信度知识表` VALUES (7, '南北车流量较大', '绿灯时间较长', 0.8, 0.85, '2021-06-04', 'xwb');
INSERT INTO `可信度知识表` VALUES (8, '南北车流量大', '绿灯时间长', 0.8, 0.85, '2021-06-04', 'xwb');
INSERT INTO `可信度知识表` VALUES (9, '严重拥堵', '绿灯时间长', 0.8, 0.9, '2021-05-22', '甲');
INSERT INTO `可信度知识表` VALUES (10, '拥堵', '绿灯时间较长', 0.8, 0.9, '2021-05-22', '乙');
INSERT INTO `可信度知识表` VALUES (11, '缓行', '绿灯时间正常', 0.8, 0.8, '2021-05-24', 'xwb');
INSERT INTO `可信度知识表` VALUES (12, '畅通', '绿灯时间较短', 0.8, 0.85, '2021-06-04', 'xwb');
INSERT INTO `可信度知识表` VALUES (13, '未知路况', '绿灯时间正常', 0.8, 0.85, '2021-06-04', 'xwb');
COMMIT;

-- ----------------------------
-- Table structure for 可信度综合表
-- ----------------------------
DROP TABLE IF EXISTS `可信度综合表`;
CREATE TABLE `可信度综合表` (
  `ID` int NOT NULL AUTO_INCREMENT,
  `传感器数据ID` int NOT NULL,
  `结论` varchar(1024) NOT NULL,
  `综合可信度` float(255,2) NOT NULL,
  PRIMARY KEY (`ID`)
) ENGINE=InnoDB DEFAULT CHARSET=utf8mb4 COLLATE=utf8mb4_0900_ai_ci;

-- ----------------------------
-- Table structure for 模糊知识表
-- ----------------------------
DROP TABLE IF EXISTS `模糊知识表`;
CREATE TABLE `模糊知识表` (
  `ID` int NOT NULL AUTO_INCREMENT,
  `A模糊集ID` int NOT NULL,
  `A模糊集名称` varchar(20) DEFAULT NULL,
  `B模糊集ID` int NOT NULL,
  `B模糊集名称` varchar(20) DEFAULT NULL,
  `CF` float NOT NULL,
  `λ` float NOT NULL,
  `模糊矩阵ID` int NOT NULL,
  `更新时间` date DEFAULT NULL,
  `更新人` varchar(20) DEFAULT NULL,
  PRIMARY KEY (`ID`),
  KEY `A模糊集ID` (`A模糊集ID`),
  KEY `B模糊集ID` (`B模糊集ID`),
  KEY `模糊矩阵ID` (`模糊矩阵ID`),
  CONSTRAINT `模糊知识表_ibfk_1` FOREIGN KEY (`A模糊集ID`) REFERENCES `模糊集表` (`ID`),
  CONSTRAINT `模糊知识表_ibfk_2` FOREIGN KEY (`B模糊集ID`) REFERENCES `模糊集表` (`ID`),
  CONSTRAINT `模糊知识表_ibfk_3` FOREIGN KEY (`模糊矩阵ID`) REFERENCES `模糊矩阵表` (`ID`)
) ENGINE=InnoDB AUTO_INCREMENT=14 DEFAULT CHARSET=utf8;

-- ----------------------------
-- Records of 模糊知识表
-- ----------------------------
BEGIN;
INSERT INTO `模糊知识表` VALUES (1, 1, '东西车流量小', 11, '东西绿灯时长短', 0.55, 0.6, 11, '2021-05-22', '甲');
INSERT INTO `模糊知识表` VALUES (2, 2, '东西车流量较小', 12, '东西绿灯时长较短', 0.8, 0.6, 12, '2021-05-22', '乙');
INSERT INTO `模糊知识表` VALUES (3, 3, '东西车流量正常', 13, '东西绿灯时长正常', 0.8, 0.6, 13, '2021-05-22', '丙');
INSERT INTO `模糊知识表` VALUES (4, 4, '东西车流量较大', 14, '东西绿灯时长较长', 0.85, 0.6, 14, '2021-05-22', '丁');
INSERT INTO `模糊知识表` VALUES (5, 5, '东西车流量大', 15, '东西绿灯时长长', 0.88, 0.6, 15, '2021-05-22', 'wzc');
INSERT INTO `模糊知识表` VALUES (6, 6, '南北车流量小', 17, '南北绿灯时长短', 0.9, 0.6, 16, '2021-05-22', 'wzc');
INSERT INTO `模糊知识表` VALUES (7, 7, '南北车流量较小', 18, '南北绿灯时长较短', 0.8, 0.6, 17, '2021-05-22', 'wzc');
INSERT INTO `模糊知识表` VALUES (8, 8, '南北车流量正常', 19, '南北绿灯时长正常', 0.8, 0.6, 18, '2021-05-22', 'wzc');
INSERT INTO `模糊知识表` VALUES (9, 9, '南北车流量较大', 20, '南北绿灯时长较长', 0.85, 0.6, 19, '2021-05-22', 'wzc');
INSERT INTO `模糊知识表` VALUES (10, 10, '南北车流量大', 21, '南北绿灯时长长', 0.88, 0.6, 20, '2021-05-22', 'wzc');
COMMIT;

-- ----------------------------
-- Table structure for 模糊矩阵表
-- ----------------------------
DROP TABLE IF EXISTS `模糊矩阵表`;
CREATE TABLE `模糊矩阵表` (
  `ID` int NOT NULL AUTO_INCREMENT,
  `前提模糊集ID` int NOT NULL,
  `结论模糊集ID` int NOT NULL,
  `object` varchar(10000) CHARACTER SET utf8mb4 COLLATE utf8mb4_0900_ai_ci NOT NULL,
  PRIMARY KEY (`ID`),
  KEY `前提模糊集ID` (`前提模糊集ID`),
  KEY `结论模糊集ID` (`结论模糊集ID`),
  CONSTRAINT `模糊矩阵表_ibfk_1` FOREIGN KEY (`前提模糊集ID`) REFERENCES `模糊集表` (`ID`),
  CONSTRAINT `模糊矩阵表_ibfk_2` FOREIGN KEY (`结论模糊集ID`) REFERENCES `模糊集表` (`ID`)
) ENGINE=InnoDB AUTO_INCREMENT=22 DEFAULT CHARSET=utf8;

-- ----------------------------
-- Records of 模糊矩阵表
-- ----------------------------
BEGIN;
INSERT INTO `模糊矩阵表` VALUES (11, 1, 11, '1.0,1.0,1.0,1.0,1.0,0.75,0.5,0.25,0.0,0.0,0.0,0.0,0.0,0.0,0.0,0.0,0.0,0.0,0.0,0.0,0.0;1.0,1.0,1.0,1.0,1.0,0.75,0.5,0.25,0.0,0.0,0.0,0.0,0.0,0.0,0.0,0.0,0.0,0.0,0.0,0.0,0.0;1.0,1.0,1.0,1.0,1.0,0.75,0.5,0.25,0.0,0.0,0.0,0.0,0.0,0.0,0.0,0.0,0.0,0.0,0.0,0.0,0.0;1.0,1.0,1.0,1.0,1.0,0.75,0.5,0.25,0.0,0.0,0.0,0.0,0.0,0.0,0.0,0.0,0.0,0.0,0.0,0.0,0.0;0.67,0.67,0.67,0.67,0.67,0.67,0.5,0.33,0.33,0.33,0.33,0.33,0.33,0.33,0.33,0.33,0.33,0.33,0.33,0.33,0.33;0.67,0.67,0.67,0.67,0.67,0.67,0.67,0.67,0.67,0.67,0.67,0.67,0.67,0.67,0.67,0.67,0.67,0.67,0.67,0.67,0.67;1.0,1.0,1.0,1.0,1.0,1.0,1.0,1.0,1.0,1.0,1.0,1.0,1.0,1.0,1.0,1.0,1.0,1.0,1.0,1.0,1.0;1.0,1.0,1.0,1.0,1.0,1.0,1.0,1.0,1.0,1.0,1.0,1.0,1.0,1.0,1.0,1.0,1.0,1.0,1.0,1.0,1.0;1.0,1.0,1.0,1.0,1.0,1.0,1.0,1.0,1.0,1.0,1.0,1.0,1.0,1.0,1.0,1.0,1.0,1.0,1.0,1.0,1.0;1.0,1.0,1.0,1.0,1.0,1.0,1.0,1.0,1.0,1.0,1.0,1.0,1.0,1.0,1.0,1.0,1.0,1.0,1.0,1.0,1.0;1.0,1.0,1.0,1.0,1.0,1.0,1.0,1.0,1.0,1.0,1.0,1.0,1.0,1.0,1.0,1.0,1.0,1.0,1.0,1.0,1.0;1.0,1.0,1.0,1.0,1.0,1.0,1.0,1.0,1.0,1.0,1.0,1.0,1.0,1.0,1.0,1.0,1.0,1.0,1.0,1.0,1.0;1.0,1.0,1.0,1.0,1.0,1.0,1.0,1.0,1.0,1.0,1.0,1.0,1.0,1.0,1.0,1.0,1.0,1.0,1.0,1.0,1.0;1.0,1.0,1.0,1.0,1.0,1.0,1.0,1.0,1.0,1.0,1.0,1.0,1.0,1.0,1.0,1.0,1.0,1.0,1.0,1.0,1.0;1.0,1.0,1.0,1.0,1.0,1.0,1.0,1.0,1.0,1.0,1.0,1.0,1.0,1.0,1.0,1.0,1.0,1.0,1.0,1.0,1.0;1.0,1.0,1.0,1.0,1.0,1.0,1.0,1.0,1.0,1.0,1.0,1.0,1.0,1.0,1.0,1.0,1.0,1.0,1.0,1.0,1.0;1.0,1.0,1.0,1.0,1.0,1.0,1.0,1.0,1.0,1.0,1.0,1.0,1.0,1.0,1.0,1.0,1.0,1.0,1.0,1.0,1.0;1.0,1.0,1.0,1.0,1.0,1.0,1.0,1.0,1.0,1.0,1.0,1.0,1.0,1.0,1.0,1.0,1.0,1.0,1.0,1.0,1.0;1.0,1.0,1.0,1.0,1.0,1.0,1.0,1.0,1.0,1.0,1.0,1.0,1.0,1.0,1.0,1.0,1.0,1.0,1.0,1.0,1.0');
INSERT INTO `模糊矩阵表` VALUES (12, 2, 12, '1.0,1.0,1.0,1.0,1.0,1.0,1.0,1.0,1.0,1.0,1.0,1.0,1.0,1.0,1.0,1.0,1.0,1.0,1.0,1.0,1.0;1.0,1.0,1.0,1.0,1.0,1.0,1.0,1.0,1.0,1.0,1.0,1.0,1.0,1.0,1.0,1.0,1.0,1.0,1.0,1.0,1.0;1.0,1.0,1.0,1.0,1.0,1.0,1.0,1.0,1.0,1.0,1.0,1.0,1.0,1.0,1.0,1.0,1.0,1.0,1.0,1.0,1.0;1.0,1.0,1.0,1.0,1.0,1.0,1.0,1.0,1.0,1.0,1.0,1.0,1.0,1.0,1.0,1.0,1.0,1.0,1.0,1.0,1.0;0.67,0.67,0.67,0.67,0.67,0.67,0.67,0.67,0.67,0.67,0.67,0.67,0.67,0.67,0.67,0.67,0.67,0.67,0.67,0.67,0.67;0.33,0.33,0.33,0.33,0.33,0.33,0.5,0.67,0.67,0.67,0.5,0.33,0.33,0.33,0.33,0.33,0.33,0.33,0.33,0.33,0.33;0.0,0.0,0.0,0.0,0.0,0.25,0.5,0.75,1.0,0.75,0.5,0.25,0.0,0.0,0.0,0.0,0.0,0.0,0.0,0.0,0.0;0.33,0.33,0.33,0.33,0.33,0.33,0.5,0.67,0.67,0.67,0.5,0.33,0.33,0.33,0.33,0.33,0.33,0.33,0.33,0.33,0.33;0.67,0.67,0.67,0.67,0.67,0.67,0.67,0.67,0.67,0.67,0.67,0.67,0.67,0.67,0.67,0.67,0.67,0.67,0.67,0.67,0.67;1.0,1.0,1.0,1.0,1.0,1.0,1.0,1.0,1.0,1.0,1.0,1.0,1.0,1.0,1.0,1.0,1.0,1.0,1.0,1.0,1.0;1.0,1.0,1.0,1.0,1.0,1.0,1.0,1.0,1.0,1.0,1.0,1.0,1.0,1.0,1.0,1.0,1.0,1.0,1.0,1.0,1.0;1.0,1.0,1.0,1.0,1.0,1.0,1.0,1.0,1.0,1.0,1.0,1.0,1.0,1.0,1.0,1.0,1.0,1.0,1.0,1.0,1.0;1.0,1.0,1.0,1.0,1.0,1.0,1.0,1.0,1.0,1.0,1.0,1.0,1.0,1.0,1.0,1.0,1.0,1.0,1.0,1.0,1.0;1.0,1.0,1.0,1.0,1.0,1.0,1.0,1.0,1.0,1.0,1.0,1.0,1.0,1.0,1.0,1.0,1.0,1.0,1.0,1.0,1.0;1.0,1.0,1.0,1.0,1.0,1.0,1.0,1.0,1.0,1.0,1.0,1.0,1.0,1.0,1.0,1.0,1.0,1.0,1.0,1.0,1.0;1.0,1.0,1.0,1.0,1.0,1.0,1.0,1.0,1.0,1.0,1.0,1.0,1.0,1.0,1.0,1.0,1.0,1.0,1.0,1.0,1.0;1.0,1.0,1.0,1.0,1.0,1.0,1.0,1.0,1.0,1.0,1.0,1.0,1.0,1.0,1.0,1.0,1.0,1.0,1.0,1.0,1.0;1.0,1.0,1.0,1.0,1.0,1.0,1.0,1.0,1.0,1.0,1.0,1.0,1.0,1.0,1.0,1.0,1.0,1.0,1.0,1.0,1.0;1.0,1.0,1.0,1.0,1.0,1.0,1.0,1.0,1.0,1.0,1.0,1.0,1.0,1.0,1.0,1.0,1.0,1.0,1.0,1.0,1.0');
INSERT INTO `模糊矩阵表` VALUES (13, 3, 13, '1.0,1.0,1.0,1.0,1.0,1.0,1.0,1.0,1.0,1.0,1.0,1.0,1.0,1.0,1.0,1.0,1.0,1.0,1.0,1.0,1.0;1.0,1.0,1.0,1.0,1.0,1.0,1.0,1.0,1.0,1.0,1.0,1.0,1.0,1.0,1.0,1.0,1.0,1.0,1.0,1.0,1.0;1.0,1.0,1.0,1.0,1.0,1.0,1.0,1.0,1.0,1.0,1.0,1.0,1.0,1.0,1.0,1.0,1.0,1.0,1.0,1.0,1.0;1.0,1.0,1.0,1.0,1.0,1.0,1.0,1.0,1.0,1.0,1.0,1.0,1.0,1.0,1.0,1.0,1.0,1.0,1.0,1.0,1.0;1.0,1.0,1.0,1.0,1.0,1.0,1.0,1.0,1.0,1.0,1.0,1.0,1.0,1.0,1.0,1.0,1.0,1.0,1.0,1.0,1.0;1.0,1.0,1.0,1.0,1.0,1.0,1.0,1.0,1.0,1.0,1.0,1.0,1.0,1.0,1.0,1.0,1.0,1.0,1.0,1.0,1.0;1.0,1.0,1.0,1.0,1.0,1.0,1.0,1.0,1.0,1.0,1.0,1.0,1.0,1.0,1.0,1.0,1.0,1.0,1.0,1.0,1.0;1.0,1.0,1.0,1.0,1.0,1.0,1.0,1.0,1.0,1.0,1.0,1.0,1.0,1.0,1.0,1.0,1.0,1.0,1.0,1.0,1.0;0.67,0.67,0.67,0.67,0.67,0.67,0.67,0.67,0.67,0.67,0.67,0.67,0.67,0.67,0.67,0.67,0.67,0.67,0.67,0.67,0.67;0.33,0.33,0.33,0.33,0.33,0.33,0.33,0.33,0.33,0.33,0.5,0.67,0.67,0.67,0.5,0.33,0.33,0.33,0.33,0.33,0.33;0.0,0.0,0.0,0.0,0.0,0.0,0.0,0.0,0.0,0.25,0.5,0.75,1.0,0.75,0.5,0.25,0.0,0.0,0.0,0.0,0.0;0.33,0.33,0.33,0.33,0.33,0.33,0.33,0.33,0.33,0.33,0.5,0.67,0.67,0.67,0.5,0.33,0.33,0.33,0.33,0.33,0.33;0.67,0.67,0.67,0.67,0.67,0.67,0.67,0.67,0.67,0.67,0.67,0.67,0.67,0.67,0.67,0.67,0.67,0.67,0.67,0.67,0.67;1.0,1.0,1.0,1.0,1.0,1.0,1.0,1.0,1.0,1.0,1.0,1.0,1.0,1.0,1.0,1.0,1.0,1.0,1.0,1.0,1.0;1.0,1.0,1.0,1.0,1.0,1.0,1.0,1.0,1.0,1.0,1.0,1.0,1.0,1.0,1.0,1.0,1.0,1.0,1.0,1.0,1.0;1.0,1.0,1.0,1.0,1.0,1.0,1.0,1.0,1.0,1.0,1.0,1.0,1.0,1.0,1.0,1.0,1.0,1.0,1.0,1.0,1.0;1.0,1.0,1.0,1.0,1.0,1.0,1.0,1.0,1.0,1.0,1.0,1.0,1.0,1.0,1.0,1.0,1.0,1.0,1.0,1.0,1.0;1.0,1.0,1.0,1.0,1.0,1.0,1.0,1.0,1.0,1.0,1.0,1.0,1.0,1.0,1.0,1.0,1.0,1.0,1.0,1.0,1.0;1.0,1.0,1.0,1.0,1.0,1.0,1.0,1.0,1.0,1.0,1.0,1.0,1.0,1.0,1.0,1.0,1.0,1.0,1.0,1.0,1.0');
INSERT INTO `模糊矩阵表` VALUES (14, 4, 14, '1.0,1.0,1.0,1.0,1.0,1.0,1.0,1.0,1.0,1.0,1.0,1.0,1.0,1.0,1.0,1.0,1.0,1.0,1.0,1.0,1.0;1.0,1.0,1.0,1.0,1.0,1.0,1.0,1.0,1.0,1.0,1.0,1.0,1.0,1.0,1.0,1.0,1.0,1.0,1.0,1.0,1.0;1.0,1.0,1.0,1.0,1.0,1.0,1.0,1.0,1.0,1.0,1.0,1.0,1.0,1.0,1.0,1.0,1.0,1.0,1.0,1.0,1.0;1.0,1.0,1.0,1.0,1.0,1.0,1.0,1.0,1.0,1.0,1.0,1.0,1.0,1.0,1.0,1.0,1.0,1.0,1.0,1.0,1.0;1.0,1.0,1.0,1.0,1.0,1.0,1.0,1.0,1.0,1.0,1.0,1.0,1.0,1.0,1.0,1.0,1.0,1.0,1.0,1.0,1.0;1.0,1.0,1.0,1.0,1.0,1.0,1.0,1.0,1.0,1.0,1.0,1.0,1.0,1.0,1.0,1.0,1.0,1.0,1.0,1.0,1.0;1.0,1.0,1.0,1.0,1.0,1.0,1.0,1.0,1.0,1.0,1.0,1.0,1.0,1.0,1.0,1.0,1.0,1.0,1.0,1.0,1.0;1.0,1.0,1.0,1.0,1.0,1.0,1.0,1.0,1.0,1.0,1.0,1.0,1.0,1.0,1.0,1.0,1.0,1.0,1.0,1.0,1.0;0.67,0.67,0.67,0.67,0.67,0.67,0.67,0.67,0.67,0.67,0.67,0.67,0.67,0.67,0.67,0.67,0.67,0.67,0.67,0.67,0.67;0.33,0.33,0.33,0.33,0.33,0.33,0.33,0.33,0.33,0.33,0.33,0.33,0.33,0.33,0.33,0.33,0.33,0.33,0.33,0.33,0.33;0.0,0.0,0.0,0.0,0.0,0.0,0.0,0.0,0.0,0.0,0.0,0.0,0.0,0.0,0.0,0.0,0.0,0.0,0.0,0.0,0.0;0.33,0.33,0.33,0.33,0.33,0.33,0.33,0.33,0.33,0.33,0.33,0.33,0.33,0.33,0.33,0.33,0.33,0.33,0.33,0.33,0.33;0.67,0.67,0.67,0.67,0.67,0.67,0.67,0.67,0.67,0.67,0.67,0.67,0.67,0.67,0.67,0.67,0.67,0.67,0.67,0.67,0.67;1.0,1.0,1.0,1.0,1.0,1.0,1.0,1.0,1.0,1.0,1.0,1.0,1.0,1.0,1.0,1.0,1.0,1.0,1.0,1.0,1.0;1.0,1.0,1.0,1.0,1.0,1.0,1.0,1.0,1.0,1.0,1.0,1.0,1.0,1.0,1.0,1.0,1.0,1.0,1.0,1.0,1.0;1.0,1.0,1.0,1.0,1.0,1.0,1.0,1.0,1.0,1.0,1.0,1.0,1.0,1.0,1.0,1.0,1.0,1.0,1.0,1.0,1.0;1.0,1.0,1.0,1.0,1.0,1.0,1.0,1.0,1.0,1.0,1.0,1.0,1.0,1.0,1.0,1.0,1.0,1.0,1.0,1.0,1.0;1.0,1.0,1.0,1.0,1.0,1.0,1.0,1.0,1.0,1.0,1.0,1.0,1.0,1.0,1.0,1.0,1.0,1.0,1.0,1.0,1.0;1.0,1.0,1.0,1.0,1.0,1.0,1.0,1.0,1.0,1.0,1.0,1.0,1.0,1.0,1.0,1.0,1.0,1.0,1.0,1.0,1.0');
INSERT INTO `模糊矩阵表` VALUES (15, 5, 15, '1.0,1.0,1.0,1.0,1.0,1.0,1.0,1.0,1.0,1.0,1.0,1.0,1.0,1.0,1.0,1.0,1.0,1.0,1.0,1.0,1.0;1.0,1.0,1.0,1.0,1.0,1.0,1.0,1.0,1.0,1.0,1.0,1.0,1.0,1.0,1.0,1.0,1.0,1.0,1.0,1.0,1.0;1.0,1.0,1.0,1.0,1.0,1.0,1.0,1.0,1.0,1.0,1.0,1.0,1.0,1.0,1.0,1.0,1.0,1.0,1.0,1.0,1.0;1.0,1.0,1.0,1.0,1.0,1.0,1.0,1.0,1.0,1.0,1.0,1.0,1.0,1.0,1.0,1.0,1.0,1.0,1.0,1.0,1.0;1.0,1.0,1.0,1.0,1.0,1.0,1.0,1.0,1.0,1.0,1.0,1.0,1.0,1.0,1.0,1.0,1.0,1.0,1.0,1.0,1.0;1.0,1.0,1.0,1.0,1.0,1.0,1.0,1.0,1.0,1.0,1.0,1.0,1.0,1.0,1.0,1.0,1.0,1.0,1.0,1.0,1.0;1.0,1.0,1.0,1.0,1.0,1.0,1.0,1.0,1.0,1.0,1.0,1.0,1.0,1.0,1.0,1.0,1.0,1.0,1.0,1.0,1.0;1.0,1.0,1.0,1.0,1.0,1.0,1.0,1.0,1.0,1.0,1.0,1.0,1.0,1.0,1.0,1.0,1.0,1.0,1.0,1.0,1.0;0.67,0.67,0.67,0.67,0.67,0.67,0.67,0.67,0.67,0.67,0.67,0.67,0.67,0.67,0.67,0.67,0.67,0.67,0.67,0.67,0.67;0.33,0.33,0.33,0.33,0.33,0.33,0.33,0.33,0.33,0.33,0.33,0.33,0.33,0.33,0.33,0.33,0.33,0.33,0.33,0.33,0.33;0.0,0.0,0.0,0.0,0.0,0.0,0.0,0.0,0.0,0.0,0.0,0.0,0.0,0.0,0.0,0.0,0.0,0.0,0.0,0.0,0.0;0.33,0.33,0.33,0.33,0.33,0.33,0.33,0.33,0.33,0.33,0.33,0.33,0.33,0.33,0.33,0.33,0.33,0.33,0.33,0.33,0.33;0.67,0.67,0.67,0.67,0.67,0.67,0.67,0.67,0.67,0.67,0.67,0.67,0.67,0.67,0.67,0.67,0.67,0.67,0.67,0.67,0.67;1.0,1.0,1.0,1.0,1.0,1.0,1.0,1.0,1.0,1.0,1.0,1.0,1.0,1.0,1.0,1.0,1.0,1.0,1.0,1.0,1.0;1.0,1.0,1.0,1.0,1.0,1.0,1.0,1.0,1.0,1.0,1.0,1.0,1.0,1.0,1.0,1.0,1.0,1.0,1.0,1.0,1.0;1.0,1.0,1.0,1.0,1.0,1.0,1.0,1.0,1.0,1.0,1.0,1.0,1.0,1.0,1.0,1.0,1.0,1.0,1.0,1.0,1.0;1.0,1.0,1.0,1.0,1.0,1.0,1.0,1.0,1.0,1.0,1.0,1.0,1.0,1.0,1.0,1.0,1.0,1.0,1.0,1.0,1.0;1.0,1.0,1.0,1.0,1.0,1.0,1.0,1.0,1.0,1.0,1.0,1.0,1.0,1.0,1.0,1.0,1.0,1.0,1.0,1.0,1.0;1.0,1.0,1.0,1.0,1.0,1.0,1.0,1.0,1.0,1.0,1.0,1.0,1.0,1.0,1.0,1.0,1.0,1.0,1.0,1.0,1.0');
INSERT INTO `模糊矩阵表` VALUES (16, 6, 17, '1.0,1.0,1.0,1.0,1.0,0.75,0.5,0.25,0.0,0.0,0.0,0.0,0.0,0.0,0.0,0.0,0.0,0.0,0.0,0.0,0.0;1.0,1.0,1.0,1.0,1.0,0.75,0.5,0.25,0.0,0.0,0.0,0.0,0.0,0.0,0.0,0.0,0.0,0.0,0.0,0.0,0.0;1.0,1.0,1.0,1.0,1.0,0.75,0.5,0.25,0.0,0.0,0.0,0.0,0.0,0.0,0.0,0.0,0.0,0.0,0.0,0.0,0.0;1.0,1.0,1.0,1.0,1.0,0.75,0.5,0.25,0.0,0.0,0.0,0.0,0.0,0.0,0.0,0.0,0.0,0.0,0.0,0.0,0.0;0.67,0.67,0.67,0.67,0.67,0.67,0.5,0.33,0.33,0.33,0.33,0.33,0.33,0.33,0.33,0.33,0.33,0.33,0.33,0.33,0.33;0.67,0.67,0.67,0.67,0.67,0.67,0.67,0.67,0.67,0.67,0.67,0.67,0.67,0.67,0.67,0.67,0.67,0.67,0.67,0.67,0.67;1.0,1.0,1.0,1.0,1.0,1.0,1.0,1.0,1.0,1.0,1.0,1.0,1.0,1.0,1.0,1.0,1.0,1.0,1.0,1.0,1.0;1.0,1.0,1.0,1.0,1.0,1.0,1.0,1.0,1.0,1.0,1.0,1.0,1.0,1.0,1.0,1.0,1.0,1.0,1.0,1.0,1.0;1.0,1.0,1.0,1.0,1.0,1.0,1.0,1.0,1.0,1.0,1.0,1.0,1.0,1.0,1.0,1.0,1.0,1.0,1.0,1.0,1.0;1.0,1.0,1.0,1.0,1.0,1.0,1.0,1.0,1.0,1.0,1.0,1.0,1.0,1.0,1.0,1.0,1.0,1.0,1.0,1.0,1.0;1.0,1.0,1.0,1.0,1.0,1.0,1.0,1.0,1.0,1.0,1.0,1.0,1.0,1.0,1.0,1.0,1.0,1.0,1.0,1.0,1.0;1.0,1.0,1.0,1.0,1.0,1.0,1.0,1.0,1.0,1.0,1.0,1.0,1.0,1.0,1.0,1.0,1.0,1.0,1.0,1.0,1.0;1.0,1.0,1.0,1.0,1.0,1.0,1.0,1.0,1.0,1.0,1.0,1.0,1.0,1.0,1.0,1.0,1.0,1.0,1.0,1.0,1.0;1.0,1.0,1.0,1.0,1.0,1.0,1.0,1.0,1.0,1.0,1.0,1.0,1.0,1.0,1.0,1.0,1.0,1.0,1.0,1.0,1.0;1.0,1.0,1.0,1.0,1.0,1.0,1.0,1.0,1.0,1.0,1.0,1.0,1.0,1.0,1.0,1.0,1.0,1.0,1.0,1.0,1.0;1.0,1.0,1.0,1.0,1.0,1.0,1.0,1.0,1.0,1.0,1.0,1.0,1.0,1.0,1.0,1.0,1.0,1.0,1.0,1.0,1.0;1.0,1.0,1.0,1.0,1.0,1.0,1.0,1.0,1.0,1.0,1.0,1.0,1.0,1.0,1.0,1.0,1.0,1.0,1.0,1.0,1.0;1.0,1.0,1.0,1.0,1.0,1.0,1.0,1.0,1.0,1.0,1.0,1.0,1.0,1.0,1.0,1.0,1.0,1.0,1.0,1.0,1.0;1.0,1.0,1.0,1.0,1.0,1.0,1.0,1.0,1.0,1.0,1.0,1.0,1.0,1.0,1.0,1.0,1.0,1.0,1.0,1.0,1.0');
INSERT INTO `模糊矩阵表` VALUES (17, 7, 18, '1.0,1.0,1.0,1.0,1.0,1.0,1.0,1.0,1.0,1.0,1.0,1.0,1.0,1.0,1.0,1.0,1.0,1.0,1.0,1.0,1.0;1.0,1.0,1.0,1.0,1.0,1.0,1.0,1.0,1.0,1.0,1.0,1.0,1.0,1.0,1.0,1.0,1.0,1.0,1.0,1.0,1.0;1.0,1.0,1.0,1.0,1.0,1.0,1.0,1.0,1.0,1.0,1.0,1.0,1.0,1.0,1.0,1.0,1.0,1.0,1.0,1.0,1.0;1.0,1.0,1.0,1.0,1.0,1.0,1.0,1.0,1.0,1.0,1.0,1.0,1.0,1.0,1.0,1.0,1.0,1.0,1.0,1.0,1.0;0.67,0.67,0.67,0.67,0.67,0.67,0.67,0.67,0.67,0.67,0.67,0.67,0.67,0.67,0.67,0.67,0.67,0.67,0.67,0.67,0.67;0.33,0.33,0.33,0.33,0.33,0.33,0.5,0.67,0.67,0.67,0.5,0.33,0.33,0.33,0.33,0.33,0.33,0.33,0.33,0.33,0.33;0.0,0.0,0.0,0.0,0.0,0.25,0.5,0.75,1.0,0.75,0.5,0.25,0.0,0.0,0.0,0.0,0.0,0.0,0.0,0.0,0.0;0.33,0.33,0.33,0.33,0.33,0.33,0.5,0.67,0.67,0.67,0.5,0.33,0.33,0.33,0.33,0.33,0.33,0.33,0.33,0.33,0.33;0.67,0.67,0.67,0.67,0.67,0.67,0.67,0.67,0.67,0.67,0.67,0.67,0.67,0.67,0.67,0.67,0.67,0.67,0.67,0.67,0.67;1.0,1.0,1.0,1.0,1.0,1.0,1.0,1.0,1.0,1.0,1.0,1.0,1.0,1.0,1.0,1.0,1.0,1.0,1.0,1.0,1.0;1.0,1.0,1.0,1.0,1.0,1.0,1.0,1.0,1.0,1.0,1.0,1.0,1.0,1.0,1.0,1.0,1.0,1.0,1.0,1.0,1.0;1.0,1.0,1.0,1.0,1.0,1.0,1.0,1.0,1.0,1.0,1.0,1.0,1.0,1.0,1.0,1.0,1.0,1.0,1.0,1.0,1.0;1.0,1.0,1.0,1.0,1.0,1.0,1.0,1.0,1.0,1.0,1.0,1.0,1.0,1.0,1.0,1.0,1.0,1.0,1.0,1.0,1.0;1.0,1.0,1.0,1.0,1.0,1.0,1.0,1.0,1.0,1.0,1.0,1.0,1.0,1.0,1.0,1.0,1.0,1.0,1.0,1.0,1.0;1.0,1.0,1.0,1.0,1.0,1.0,1.0,1.0,1.0,1.0,1.0,1.0,1.0,1.0,1.0,1.0,1.0,1.0,1.0,1.0,1.0;1.0,1.0,1.0,1.0,1.0,1.0,1.0,1.0,1.0,1.0,1.0,1.0,1.0,1.0,1.0,1.0,1.0,1.0,1.0,1.0,1.0;1.0,1.0,1.0,1.0,1.0,1.0,1.0,1.0,1.0,1.0,1.0,1.0,1.0,1.0,1.0,1.0,1.0,1.0,1.0,1.0,1.0;1.0,1.0,1.0,1.0,1.0,1.0,1.0,1.0,1.0,1.0,1.0,1.0,1.0,1.0,1.0,1.0,1.0,1.0,1.0,1.0,1.0;1.0,1.0,1.0,1.0,1.0,1.0,1.0,1.0,1.0,1.0,1.0,1.0,1.0,1.0,1.0,1.0,1.0,1.0,1.0,1.0,1.0');
INSERT INTO `模糊矩阵表` VALUES (18, 8, 19, '1.0,1.0,1.0,1.0,1.0,1.0,1.0,1.0,1.0,1.0,1.0,1.0,1.0,1.0,1.0,1.0,1.0,1.0,1.0,1.0,1.0;1.0,1.0,1.0,1.0,1.0,1.0,1.0,1.0,1.0,1.0,1.0,1.0,1.0,1.0,1.0,1.0,1.0,1.0,1.0,1.0,1.0;1.0,1.0,1.0,1.0,1.0,1.0,1.0,1.0,1.0,1.0,1.0,1.0,1.0,1.0,1.0,1.0,1.0,1.0,1.0,1.0,1.0;1.0,1.0,1.0,1.0,1.0,1.0,1.0,1.0,1.0,1.0,1.0,1.0,1.0,1.0,1.0,1.0,1.0,1.0,1.0,1.0,1.0;1.0,1.0,1.0,1.0,1.0,1.0,1.0,1.0,1.0,1.0,1.0,1.0,1.0,1.0,1.0,1.0,1.0,1.0,1.0,1.0,1.0;1.0,1.0,1.0,1.0,1.0,1.0,1.0,1.0,1.0,1.0,1.0,1.0,1.0,1.0,1.0,1.0,1.0,1.0,1.0,1.0,1.0;1.0,1.0,1.0,1.0,1.0,1.0,1.0,1.0,1.0,1.0,1.0,1.0,1.0,1.0,1.0,1.0,1.0,1.0,1.0,1.0,1.0;1.0,1.0,1.0,1.0,1.0,1.0,1.0,1.0,1.0,1.0,1.0,1.0,1.0,1.0,1.0,1.0,1.0,1.0,1.0,1.0,1.0;0.67,0.67,0.67,0.67,0.67,0.67,0.67,0.67,0.67,0.67,0.67,0.67,0.67,0.67,0.67,0.67,0.67,0.67,0.67,0.67,0.67;0.33,0.33,0.33,0.33,0.33,0.33,0.33,0.33,0.33,0.33,0.5,0.67,0.67,0.67,0.5,0.33,0.33,0.33,0.33,0.33,0.33;0.0,0.0,0.0,0.0,0.0,0.0,0.0,0.0,0.0,0.25,0.5,0.75,1.0,0.75,0.5,0.25,0.0,0.0,0.0,0.0,0.0;0.33,0.33,0.33,0.33,0.33,0.33,0.33,0.33,0.33,0.33,0.5,0.67,0.67,0.67,0.5,0.33,0.33,0.33,0.33,0.33,0.33;0.67,0.67,0.67,0.67,0.67,0.67,0.67,0.67,0.67,0.67,0.67,0.67,0.67,0.67,0.67,0.67,0.67,0.67,0.67,0.67,0.67;1.0,1.0,1.0,1.0,1.0,1.0,1.0,1.0,1.0,1.0,1.0,1.0,1.0,1.0,1.0,1.0,1.0,1.0,1.0,1.0,1.0;1.0,1.0,1.0,1.0,1.0,1.0,1.0,1.0,1.0,1.0,1.0,1.0,1.0,1.0,1.0,1.0,1.0,1.0,1.0,1.0,1.0;1.0,1.0,1.0,1.0,1.0,1.0,1.0,1.0,1.0,1.0,1.0,1.0,1.0,1.0,1.0,1.0,1.0,1.0,1.0,1.0,1.0;1.0,1.0,1.0,1.0,1.0,1.0,1.0,1.0,1.0,1.0,1.0,1.0,1.0,1.0,1.0,1.0,1.0,1.0,1.0,1.0,1.0;1.0,1.0,1.0,1.0,1.0,1.0,1.0,1.0,1.0,1.0,1.0,1.0,1.0,1.0,1.0,1.0,1.0,1.0,1.0,1.0,1.0;1.0,1.0,1.0,1.0,1.0,1.0,1.0,1.0,1.0,1.0,1.0,1.0,1.0,1.0,1.0,1.0,1.0,1.0,1.0,1.0,1.0');
INSERT INTO `模糊矩阵表` VALUES (19, 9, 20, '1.0,1.0,1.0,1.0,1.0,1.0,1.0,1.0,1.0,1.0,1.0,1.0,1.0,1.0,1.0,1.0,1.0,1.0,1.0,1.0,1.0;1.0,1.0,1.0,1.0,1.0,1.0,1.0,1.0,1.0,1.0,1.0,1.0,1.0,1.0,1.0,1.0,1.0,1.0,1.0,1.0,1.0;1.0,1.0,1.0,1.0,1.0,1.0,1.0,1.0,1.0,1.0,1.0,1.0,1.0,1.0,1.0,1.0,1.0,1.0,1.0,1.0,1.0;1.0,1.0,1.0,1.0,1.0,1.0,1.0,1.0,1.0,1.0,1.0,1.0,1.0,1.0,1.0,1.0,1.0,1.0,1.0,1.0,1.0;1.0,1.0,1.0,1.0,1.0,1.0,1.0,1.0,1.0,1.0,1.0,1.0,1.0,1.0,1.0,1.0,1.0,1.0,1.0,1.0,1.0;1.0,1.0,1.0,1.0,1.0,1.0,1.0,1.0,1.0,1.0,1.0,1.0,1.0,1.0,1.0,1.0,1.0,1.0,1.0,1.0,1.0;1.0,1.0,1.0,1.0,1.0,1.0,1.0,1.0,1.0,1.0,1.0,1.0,1.0,1.0,1.0,1.0,1.0,1.0,1.0,1.0,1.0;1.0,1.0,1.0,1.0,1.0,1.0,1.0,1.0,1.0,1.0,1.0,1.0,1.0,1.0,1.0,1.0,1.0,1.0,1.0,1.0,1.0;0.67,0.67,0.67,0.67,0.67,0.67,0.67,0.67,0.67,0.67,0.67,0.67,0.67,0.67,0.67,0.67,0.67,0.67,0.67,0.67,0.67;0.33,0.33,0.33,0.33,0.33,0.33,0.33,0.33,0.33,0.33,0.33,0.33,0.33,0.33,0.33,0.33,0.33,0.33,0.33,0.33,0.33;0.0,0.0,0.0,0.0,0.0,0.0,0.0,0.0,0.0,0.0,0.0,0.0,0.0,0.0,0.0,0.0,0.0,0.0,0.0,0.0,0.0;0.33,0.33,0.33,0.33,0.33,0.33,0.33,0.33,0.33,0.33,0.33,0.33,0.33,0.33,0.33,0.33,0.33,0.33,0.33,0.33,0.33;0.67,0.67,0.67,0.67,0.67,0.67,0.67,0.67,0.67,0.67,0.67,0.67,0.67,0.67,0.67,0.67,0.67,0.67,0.67,0.67,0.67;1.0,1.0,1.0,1.0,1.0,1.0,1.0,1.0,1.0,1.0,1.0,1.0,1.0,1.0,1.0,1.0,1.0,1.0,1.0,1.0,1.0;1.0,1.0,1.0,1.0,1.0,1.0,1.0,1.0,1.0,1.0,1.0,1.0,1.0,1.0,1.0,1.0,1.0,1.0,1.0,1.0,1.0;1.0,1.0,1.0,1.0,1.0,1.0,1.0,1.0,1.0,1.0,1.0,1.0,1.0,1.0,1.0,1.0,1.0,1.0,1.0,1.0,1.0;1.0,1.0,1.0,1.0,1.0,1.0,1.0,1.0,1.0,1.0,1.0,1.0,1.0,1.0,1.0,1.0,1.0,1.0,1.0,1.0,1.0;1.0,1.0,1.0,1.0,1.0,1.0,1.0,1.0,1.0,1.0,1.0,1.0,1.0,1.0,1.0,1.0,1.0,1.0,1.0,1.0,1.0;1.0,1.0,1.0,1.0,1.0,1.0,1.0,1.0,1.0,1.0,1.0,1.0,1.0,1.0,1.0,1.0,1.0,1.0,1.0,1.0,1.0');
INSERT INTO `模糊矩阵表` VALUES (20, 10, 21, '1.0,1.0,1.0,1.0,1.0,1.0,1.0,1.0,1.0,1.0,1.0,1.0,1.0,1.0,1.0,1.0,1.0,1.0,1.0,1.0,1.0;1.0,1.0,1.0,1.0,1.0,1.0,1.0,1.0,1.0,1.0,1.0,1.0,1.0,1.0,1.0,1.0,1.0,1.0,1.0,1.0,1.0;1.0,1.0,1.0,1.0,1.0,1.0,1.0,1.0,1.0,1.0,1.0,1.0,1.0,1.0,1.0,1.0,1.0,1.0,1.0,1.0,1.0;1.0,1.0,1.0,1.0,1.0,1.0,1.0,1.0,1.0,1.0,1.0,1.0,1.0,1.0,1.0,1.0,1.0,1.0,1.0,1.0,1.0;1.0,1.0,1.0,1.0,1.0,1.0,1.0,1.0,1.0,1.0,1.0,1.0,1.0,1.0,1.0,1.0,1.0,1.0,1.0,1.0,1.0;1.0,1.0,1.0,1.0,1.0,1.0,1.0,1.0,1.0,1.0,1.0,1.0,1.0,1.0,1.0,1.0,1.0,1.0,1.0,1.0,1.0;1.0,1.0,1.0,1.0,1.0,1.0,1.0,1.0,1.0,1.0,1.0,1.0,1.0,1.0,1.0,1.0,1.0,1.0,1.0,1.0,1.0;1.0,1.0,1.0,1.0,1.0,1.0,1.0,1.0,1.0,1.0,1.0,1.0,1.0,1.0,1.0,1.0,1.0,1.0,1.0,1.0,1.0;0.67,0.67,0.67,0.67,0.67,0.67,0.67,0.67,0.67,0.67,0.67,0.67,0.67,0.67,0.67,0.67,0.67,0.67,0.67,0.67,0.67;0.33,0.33,0.33,0.33,0.33,0.33,0.33,0.33,0.33,0.33,0.33,0.33,0.33,0.33,0.33,0.33,0.33,0.33,0.33,0.33,0.33;0.0,0.0,0.0,0.0,0.0,0.0,0.0,0.0,0.0,0.0,0.0,0.0,0.0,0.0,0.0,0.0,0.0,0.0,0.0,0.0,0.0;0.33,0.33,0.33,0.33,0.33,0.33,0.33,0.33,0.33,0.33,0.33,0.33,0.33,0.33,0.33,0.33,0.33,0.33,0.33,0.33,0.33;0.67,0.67,0.67,0.67,0.67,0.67,0.67,0.67,0.67,0.67,0.67,0.67,0.67,0.67,0.67,0.67,0.67,0.67,0.67,0.67,0.67;1.0,1.0,1.0,1.0,1.0,1.0,1.0,1.0,1.0,1.0,1.0,1.0,1.0,1.0,1.0,1.0,1.0,1.0,1.0,1.0,1.0;1.0,1.0,1.0,1.0,1.0,1.0,1.0,1.0,1.0,1.0,1.0,1.0,1.0,1.0,1.0,1.0,1.0,1.0,1.0,1.0,1.0;1.0,1.0,1.0,1.0,1.0,1.0,1.0,1.0,1.0,1.0,1.0,1.0,1.0,1.0,1.0,1.0,1.0,1.0,1.0,1.0,1.0;1.0,1.0,1.0,1.0,1.0,1.0,1.0,1.0,1.0,1.0,1.0,1.0,1.0,1.0,1.0,1.0,1.0,1.0,1.0,1.0,1.0;1.0,1.0,1.0,1.0,1.0,1.0,1.0,1.0,1.0,1.0,1.0,1.0,1.0,1.0,1.0,1.0,1.0,1.0,1.0,1.0,1.0;1.0,1.0,1.0,1.0,1.0,1.0,1.0,1.0,1.0,1.0,1.0,1.0,1.0,1.0,1.0,1.0,1.0,1.0,1.0,1.0,1.0');
COMMIT;

-- ----------------------------
-- Table structure for 模糊集表
-- ----------------------------
DROP TABLE IF EXISTS `模糊集表`;
CREATE TABLE `模糊集表` (
  `ID` int NOT NULL AUTO_INCREMENT,
  `名称` varchar(20) NOT NULL,
  `object` varchar(1024) NOT NULL,
  `论域ID` int NOT NULL,
  PRIMARY KEY (`ID`),
  KEY `论域ID` (`论域ID`),
  KEY `名称` (`名称`),
  CONSTRAINT `模糊集表_ibfk_1` FOREIGN KEY (`论域ID`) REFERENCES `论域表` (`ID`)
) ENGINE=InnoDB AUTO_INCREMENT=24 DEFAULT CHARSET=utf8;

-- ----------------------------
-- Records of 模糊集表
-- ----------------------------
BEGIN;
INSERT INTO `模糊集表` VALUES (1, '东西车流量小', '1;1;1;1;0.67;0.33;0;0;0;0;0;0;0;0;0;0;0;0;0', 1);
INSERT INTO `模糊集表` VALUES (2, '东西车流量较小', '0;0;0;0;0.33;0.67;1;0.67;0.33;0;0;0;0;0;0;0;0;0;0', 1);
INSERT INTO `模糊集表` VALUES (3, '东西车流量正常', '0;0;0;0;0;0;0;0;0.33;0.67;1;0.67;0.33;0;0;0;0;0;0', 1);
INSERT INTO `模糊集表` VALUES (4, '东西车流量较大', '0;0;0;0;0;0;0;0;0;0;0;0;0.5;1;0.5;0;0;0;0', 1);
INSERT INTO `模糊集表` VALUES (5, '东西车流量大', '0;0;0;0;0;0;0;0;0;0;0;0;0;0;0.5;1;1;1;1', 1);
INSERT INTO `模糊集表` VALUES (6, '南北车流量小', '1;1;1;1;0.67;0.33;0;0;0;0;0;0;0;0;0;0;0;0;0', 1);
INSERT INTO `模糊集表` VALUES (7, '南北车流量较小', '0;0;0;0;0.33;0.67;1;0.67;0.33;0;0;0;0;0;0;0;0;0;0', 1);
INSERT INTO `模糊集表` VALUES (8, '南北车流量正常', '0;0;0;0;0;0;0;0;0.33;0.67;1;0.67;0.33;0;0;0;0;0;0', 1);
INSERT INTO `模糊集表` VALUES (9, '南北车流量较大', '0;0;0;0;0;0;0;0;0;0;0;0;0.5;1;0.5;0;0;0;0', 1);
INSERT INTO `模糊集表` VALUES (10, '南北车流量大', '0;0;0;0;0;0;0;0;0;0;0;0;0;0;0.5;1;1;1;1', 1);
INSERT INTO `模糊集表` VALUES (11, '东西绿灯时长短', '1;1;1;1;1;0.75;0.5;0.25;0;0;0;0;0;0;0;0;0;0;0;0;0', 2);
INSERT INTO `模糊集表` VALUES (12, '东西绿灯时长较短', '0;0;0;0;0;0.25;0.5;0.75;1;0.75;0.5;0.25;0;0;0;0;0;0;0;0;0', 2);
INSERT INTO `模糊集表` VALUES (13, '东西绿灯时长正常', '0;0;0;0;0;0;0;0;0;0.25;0.5;0.75;1;0.75;0.5;0.25;0;0;0;0;0', 2);
INSERT INTO `模糊集表` VALUES (14, '东西绿灯时长较长', '0;0;0;0;0;0;0;0;0;0;0;0;0;0.25;0.5;0.75;1;0.75;0.5;0.25;0', 2);
INSERT INTO `模糊集表` VALUES (15, '东西绿灯时长长', '0;0;0;0;0;0;0;0;0;0;0;0;0;0;0;0;0;0.25;0.5;0.75;1', 2);
INSERT INTO `模糊集表` VALUES (17, '南北绿灯时长短', '1;1;1;1;1;0.75;0.5;0.25;0;0;0;0;0;0;0;0;0;0;0;0;0', 2);
INSERT INTO `模糊集表` VALUES (18, '南北绿灯时长较短', '0;0;0;0;0;0.25;0.5;0.75;1;0.75;0.5;0.25;0;0;0;0;0;0;0;0;0', 2);
INSERT INTO `模糊集表` VALUES (19, '南北绿灯时长正常', '0;0;0;0;0;0;0;0;0;0.25;0.5;0.75;1;0.75;0.5;0.25;0;0;0;0;0', 2);
INSERT INTO `模糊集表` VALUES (20, '南北绿灯时长较长', '0;0;0;0;0;0;0;0;0;0;0;0;0;0.25;0.5;0.75;1;0.75;0.5;0.25;0', 2);
INSERT INTO `模糊集表` VALUES (21, '南北绿灯时长长', '0;0;0;0;0;0;0;0;0;0;0;0;0;0;0;0;0;0.25;0.5;0.75;1', 2);
COMMIT;

-- ----------------------------
-- Table structure for 百度地图数据表
-- ----------------------------
DROP TABLE IF EXISTS `百度地图数据表`;
CREATE TABLE `百度地图数据表` (
  `ID` int NOT NULL AUTO_INCREMENT,
  `采集时间` timestamp NOT NULL,
  `东西路况` varchar(256) NOT NULL,
  `南北路况` varchar(256) NOT NULL,
  PRIMARY KEY (`ID`)
) ENGINE=InnoDB AUTO_INCREMENT=1000048 DEFAULT CHARSET=utf8;

-- ----------------------------
-- Records of 百度地图数据表
-- ----------------------------
BEGIN;
INSERT INTO `百度地图数据表` VALUES (1000000, '2021-06-23 20:56:10', ' 未知路况', '无');
INSERT INTO `百度地图数据表` VALUES (1000001, '2021-06-23 21:02:46', '畅通', '无');
INSERT INTO `百度地图数据表` VALUES (1000002, '2021-06-23 21:02:50', '无', '畅通');
INSERT INTO `百度地图数据表` VALUES (1000003, '2021-06-23 21:43:32', '畅通', '无');
INSERT INTO `百度地图数据表` VALUES (1000004, '2021-06-23 21:43:35', '无', '畅通');
INSERT INTO `百度地图数据表` VALUES (1000005, '2021-06-23 21:43:47', '畅通', '无');
INSERT INTO `百度地图数据表` VALUES (1000006, '2021-06-23 21:43:49', '无', '畅通');
INSERT INTO `百度地图数据表` VALUES (1000007, '2021-06-23 21:44:03', '畅通', '无');
INSERT INTO `百度地图数据表` VALUES (1000008, '2021-06-23 21:44:05', '无', '畅通');
INSERT INTO `百度地图数据表` VALUES (1000009, '2021-06-23 21:44:07', '畅通', '无');
INSERT INTO `百度地图数据表` VALUES (1000010, '2021-06-23 21:44:09', '无', '畅通');
INSERT INTO `百度地图数据表` VALUES (1000011, '2021-06-23 21:47:49', '畅通', '无');
INSERT INTO `百度地图数据表` VALUES (1000012, '2021-06-23 21:47:51', '无', '畅通');
INSERT INTO `百度地图数据表` VALUES (1000013, '2021-06-23 21:47:52', '畅通', '无');
INSERT INTO `百度地图数据表` VALUES (1000014, '2021-06-23 21:47:58', '无', '畅通');
INSERT INTO `百度地图数据表` VALUES (1000015, '2021-06-23 21:49:06', '畅通', '无');
INSERT INTO `百度地图数据表` VALUES (1000016, '2021-06-23 21:49:08', '无', '畅通');
INSERT INTO `百度地图数据表` VALUES (1000017, '2021-06-23 21:49:15', '畅通', '无');
INSERT INTO `百度地图数据表` VALUES (1000018, '2021-06-23 21:49:17', '无', '畅通');
INSERT INTO `百度地图数据表` VALUES (1000019, '2021-06-23 21:49:19', '畅通', '无');
INSERT INTO `百度地图数据表` VALUES (1000020, '2021-06-23 21:49:23', '无', '畅通');
INSERT INTO `百度地图数据表` VALUES (1000021, '2021-06-23 21:50:27', '畅通', '无');
INSERT INTO `百度地图数据表` VALUES (1000022, '2021-06-23 21:50:29', '无', '畅通');
INSERT INTO `百度地图数据表` VALUES (1000023, '2021-06-23 21:51:50', '畅通', '无');
INSERT INTO `百度地图数据表` VALUES (1000024, '2021-06-23 21:51:52', '无', '畅通');
INSERT INTO `百度地图数据表` VALUES (1000025, '2021-06-26 16:20:37', ' 未知路况', '无');
INSERT INTO `百度地图数据表` VALUES (1000026, '2021-06-26 16:24:04', ' 未知路况', '无');
INSERT INTO `百度地图数据表` VALUES (1000027, '2021-06-26 16:25:50', '未知路况', '无');
INSERT INTO `百度地图数据表` VALUES (1000028, '2021-06-26 16:29:37', '未知路况', '无');
INSERT INTO `百度地图数据表` VALUES (1000029, '2021-06-26 16:30:07', '未知路况', '无');
INSERT INTO `百度地图数据表` VALUES (1000030, '2021-06-26 16:36:33', '严重拥堵', '无');
INSERT INTO `百度地图数据表` VALUES (1000031, '2021-06-26 16:37:03', '缓行', '无');
INSERT INTO `百度地图数据表` VALUES (1000032, '2021-06-26 16:37:33', '严重拥堵', '无');
INSERT INTO `百度地图数据表` VALUES (1000033, '2021-06-26 16:38:03', '缓行', '无');
INSERT INTO `百度地图数据表` VALUES (1000034, '2021-06-26 16:38:33', '严重拥堵', '无');
INSERT INTO `百度地图数据表` VALUES (1000035, '2021-06-26 17:05:42', '严重拥堵', '无');
INSERT INTO `百度地图数据表` VALUES (1000036, '2021-06-26 17:06:13', '畅通', '无');
INSERT INTO `百度地图数据表` VALUES (1000037, '2021-06-26 17:06:43', '严重拥堵', '无');
INSERT INTO `百度地图数据表` VALUES (1000038, '2021-06-26 17:11:25', '严重拥堵', '无');
INSERT INTO `百度地图数据表` VALUES (1000039, '2021-06-26 17:11:55', '畅通', '无');
INSERT INTO `百度地图数据表` VALUES (1000040, '2021-06-26 17:20:34', '严重拥堵', '无');
INSERT INTO `百度地图数据表` VALUES (1000041, '2021-06-26 17:21:04', '严重拥堵', '无');
INSERT INTO `百度地图数据表` VALUES (1000042, '2021-06-26 17:22:27', '严重拥堵', '无');
INSERT INTO `百度地图数据表` VALUES (1000043, '2021-06-26 17:22:57', '拥堵', '无');
INSERT INTO `百度地图数据表` VALUES (1000044, '2021-06-26 19:06:05', '拥堵', '无');
INSERT INTO `百度地图数据表` VALUES (1000045, '2021-06-26 19:08:25', '畅通', '无');
INSERT INTO `百度地图数据表` VALUES (1000046, '2021-06-26 19:13:43', '拥堵', '无');
INSERT INTO `百度地图数据表` VALUES (1000047, '2021-06-26 19:14:13', '严重拥堵', '无');
COMMIT;

-- ----------------------------
-- Table structure for 结果数据表
-- ----------------------------
DROP TABLE IF EXISTS `结果数据表`;
CREATE TABLE `结果数据表` (
  `ID` int NOT NULL AUTO_INCREMENT,
  `方向` int DEFAULT NULL,
  `车流量` int DEFAULT NULL,
  `绿灯时长` int DEFAULT NULL,
  PRIMARY KEY (`ID`)
) ENGINE=InnoDB AUTO_INCREMENT=239 DEFAULT CHARSET=utf8mb4 COLLATE=utf8mb4_0900_ai_ci;

-- ----------------------------
-- Records of 结果数据表
-- ----------------------------
BEGIN;
INSERT INTO `结果数据表` VALUES (231, 0, 0, 5);
INSERT INTO `结果数据表` VALUES (232, 2, 0, 0);
INSERT INTO `结果数据表` VALUES (233, 1, 0, 5);
INSERT INTO `结果数据表` VALUES (234, 3, 0, 0);
INSERT INTO `结果数据表` VALUES (235, 0, 2, 34);
INSERT INTO `结果数据表` VALUES (236, 2, 0, 0);
INSERT INTO `结果数据表` VALUES (237, 1, 0, 10);
INSERT INTO `结果数据表` VALUES (238, 3, 0, 0);
COMMIT;

-- ----------------------------
-- Table structure for 解释器表
-- ----------------------------
DROP TABLE IF EXISTS `解释器表`;
CREATE TABLE `解释器表` (
  `ID` int NOT NULL AUTO_INCREMENT,
  `传感器数据ID` int NOT NULL,
  `解释` varchar(1024) NOT NULL,
  PRIMARY KEY (`ID`)
) ENGINE=InnoDB AUTO_INCREMENT=96 DEFAULT CHARSET=utf8mb4 COLLATE=utf8mb4_0900_ai_ci;

-- ----------------------------
-- Records of 解释器表
-- ----------------------------
BEGIN;
INSERT INTO `解释器表` VALUES (70, 1000027, '因为路况为: 未知路况,得出结论绿灯时间正常->即绿灯时长为: 20 是已有知识。');
INSERT INTO `解释器表` VALUES (71, 1000028, '因为路况为: 未知路况,得出结论绿灯时间正常->即绿灯时长为: 20 是已有知识。');
INSERT INTO `解释器表` VALUES (72, 1000029, '因为路况为: 未知路况,得出结论绿灯时间正常->即绿灯时长为: 20 是已有知识。');
INSERT INTO `解释器表` VALUES (73, 1000030, '因为路况为: 严重拥堵,得出结论绿灯时间长->即绿灯时长为: 30 是已有知识。');
INSERT INTO `解释器表` VALUES (74, 1000031, '因为路况为: 缓行,得出结论绿灯时间正常->即绿灯时长为: 20 是已有知识。');
INSERT INTO `解释器表` VALUES (75, 1000032, '因为路况为: 严重拥堵,得出结论绿灯时间长->即绿灯时长为: 30 是已有知识。');
INSERT INTO `解释器表` VALUES (76, 1000033, '因为路况为: 缓行,得出结论绿灯时间正常->即绿灯时长为: 20 是已有知识。');
INSERT INTO `解释器表` VALUES (77, 1000034, '因为路况为: 严重拥堵,得出结论绿灯时间长->即绿灯时长为: 30 是已有知识。');
INSERT INTO `解释器表` VALUES (78, 1000035, '因为路况为: 严重拥堵,得出结论绿灯时间长->即绿灯时长为: 30 是已有知识。');
INSERT INTO `解释器表` VALUES (79, 1000036, '因为路况为: 畅通,得出结论绿灯时间较短->即绿灯时长为: 15 是已有知识。');
INSERT INTO `解释器表` VALUES (80, 1000037, '因为路况为: 严重拥堵,得出结论绿灯时间长->即绿灯时长为: 30 是已有知识。');
INSERT INTO `解释器表` VALUES (81, 1000038, '因为路况为: 严重拥堵,得出结论绿灯时间长->即绿灯时长为: 30 是已有知识。');
INSERT INTO `解释器表` VALUES (82, 1000039, '因为路况为: 畅通,得出结论绿灯时间较短->即绿灯时长为: 15 是已有知识。');
INSERT INTO `解释器表` VALUES (83, 1000040, '因为路况为: 严重拥堵,得出结论绿灯时间长->即绿灯时长为: 30 是已有知识。');
INSERT INTO `解释器表` VALUES (84, 1000041, '因为路况为: 严重拥堵,得出结论绿灯时间长->即绿灯时长为: 30 是已有知识。');
INSERT INTO `解释器表` VALUES (85, 1000042, '因为路况为: 严重拥堵,得出结论绿灯时间长->即绿灯时长为: 30 是已有知识。');
INSERT INTO `解释器表` VALUES (86, 1000043, '因为路况为: 拥堵,得出结论绿灯时间较长->即绿灯时长为: 25 是已有知识。');
INSERT INTO `解释器表` VALUES (87, 6, '因为车流量为: 10 ->即东西车流量较小,得出结论东西绿灯时长较短->即绿灯时长为: 46.0 是已有知识。');
INSERT INTO `解释器表` VALUES (88, 1000044, '因为路况为: 拥堵,得出结论绿灯时间较长->即绿灯时长为: 25 是已有知识。');
INSERT INTO `解释器表` VALUES (89, 1000045, '因为路况为: 畅通,得出结论绿灯时间较短->即绿灯时长为: 15 是已有知识。');
INSERT INTO `解释器表` VALUES (90, 1000046, '因为路况为: 拥堵,得出结论绿灯时间较长->即绿灯时长为: 25 是已有知识。');
INSERT INTO `解释器表` VALUES (91, 1000047, '因为路况为: 严重拥堵,得出结论绿灯时间长->即绿灯时长为: 30 是已有知识。');
INSERT INTO `解释器表` VALUES (92, 7, '因为车流量为: 12 ->即东西车流量较小,得出结论东西绿灯时长较短->即绿灯时长为: 46.0 是已有知识。');
INSERT INTO `解释器表` VALUES (93, 8, '因为车流量为: 10 ->即东西车流量较小,得出结论东西绿灯时长较短->即绿灯时长为: 46.0 是已有知识。');
INSERT INTO `解释器表` VALUES (94, 9, '因为车流量为: 10 ->即南北车流量小,得出结论绿灯时间短->即绿灯时长为: 10 是已有知识。');
INSERT INTO `解释器表` VALUES (95, 10, '因为车流量为: 20 ->即东西车流量正常,得出结论东西绿灯时长正常->即绿灯时长为: 54.0 是已有知识。');
COMMIT;

-- ----------------------------
-- Table structure for 论域表
-- ----------------------------
DROP TABLE IF EXISTS `论域表`;
CREATE TABLE `论域表` (
  `ID` int NOT NULL AUTO_INCREMENT,
  `名称` varchar(20) NOT NULL,
  `object` varchar(1024) NOT NULL,
  PRIMARY KEY (`ID`)
) ENGINE=InnoDB AUTO_INCREMENT=4 DEFAULT CHARSET=utf8;

-- ----------------------------
-- Records of 论域表
-- ----------------------------
BEGIN;
INSERT INTO `论域表` VALUES (1, '车流量', '0;2;4;6;8;10;12;14;16;18;20;22;24;26;28;30;32;34;36');
INSERT INTO `论域表` VALUES (2, '绿灯时长', '30;32;34;36;38;40;42;44;46;48;50;52;54;56;58;60;62;64;66;68;70');
COMMIT;

SET FOREIGN_KEY_CHECKS = 1;
